run_name,method,set,epoch,loss,one_hot,distill_kl,align,pairwise,relation,dark_kl,dark_confidence,val_MRR,val_Recall@1,val_Recall@10
s1_bimga_dw100_aw10,bimga,s1,1.0,18.727580934917906,0.5291303842485054,0.007500302643745983,1.744842026221277,0.0,0.0,0.0,0.0,0.3359580855074228,0.242,0.524
s1_bimga_dw100_aw10,bimga,s1,2.0,15.960989228154386,0.52396949986238,0.0074338323058983375,1.4693636466560165,0.0,0.0,0.0,0.0,0.3507858301130146,0.248,0.554
s1_bimga_dw100_aw10,bimga,s1,3.0,14.867454865982875,0.4937341809014514,0.006978518290822903,1.367586886448918,0.0,0.0,0.0,0.0,0.36558633731993107,0.264,0.569
s1_bimga_dw100_aw10,bimga,s1,4.0,14.200581201854158,0.4605391379090694,0.006563098292533095,1.3083732264500556,0.0,0.0,0.0,0.0,0.3774809914238567,0.279,0.574
s1_bimga_dw100_aw10,bimga,s1,5.0,13.709503914289293,0.4243387311077201,0.006153117773321617,1.2669853387300436,0.0,0.0,0.0,0.0,0.3943072524195431,0.297,0.583
s1_bimga_dw100_aw10,bimga,s1,6.0,13.321592838346854,0.4121214321829004,0.005803873896456777,1.2329083999273476,0.0,0.0,0.0,0.0,0.39607652474189786,0.297,0.591
s1_bimga_dw100_aw10,bimga,s1,7.0,12.988492489687491,0.391096541306175,0.005486186003825745,1.2048777333578575,0.0,0.0,0.0,0.0,0.40790979918653514,0.306,0.591
s1_bimga_dw100_aw10,bimga,s1,8.0,12.698294413151732,0.36998011140827497,0.005224318401339227,1.180588248490874,0.0,0.0,0.0,0.0,0.412893489993501,0.31,0.598
s1_bimga_dw100_aw10,bimga,s1,9.0,12.465244083305372,0.35193519095407616,0.004976378053675311,1.1615671082633827,0.0,0.0,0.0,0.0,0.42388179737124326,0.326,0.616
s1_bimga_dw100_aw10,bimga,s1,10.0,12.228850880363371,0.33186843104182745,0.004769261702862883,1.1420056291014937,0.0,0.0,0.0,0.0,0.4223253384960776,0.318,0.623
s1_bimga_dw100_aw10,bimga,s1,11.0,12.00694652074751,0.3200217495757951,0.00458077852698156,1.1228846941704973,0.0,0.0,0.0,0.0,0.4296542393847329,0.325,0.628
s1_bimga_dw100_aw10,bimga,s1,12.0,11.820397476183066,0.3065301775286681,0.004387434022388126,1.107512390179692,0.0,0.0,0.0,0.0,0.43557985906211477,0.334,0.625
s1_bimga_dw100_aw10,bimga,s1,13.0,11.64545230601028,0.2909084771157757,0.004236373393449358,1.093090647014836,0.0,0.0,0.0,0.0,0.4413472389059791,0.337,0.627
s1_bimga_dw100_aw10,bimga,s1,14.0,11.475103431185982,0.27324406270654406,0.004061135979114259,1.0795745755605515,0.0,0.0,0.0,0.0,0.4443968678443488,0.342,0.634
s1_bimga_dw100_aw10,bimga,s1,15.0,11.336980551946102,0.2687813277764688,0.003951675717378329,1.067303160654197,0.0,0.0,0.0,0.0,0.4547403291561387,0.358,0.638
s1_bimga_dw100_aw10,bimga,s1,16.0,11.194886402612749,0.2587820813834564,0.0038137692845938162,1.0554727369619201,0.0,0.0,0.0,0.0,0.45233286452537064,0.346,0.644
s1_bimga_dw100_aw10,bimga,s1,17.0,11.065229622495442,0.2531437220139045,0.0036777774185955884,1.0444308167107184,0.0,0.0,0.0,0.0,0.4594041236657078,0.362,0.647
s1_bimga_dw100_aw10,bimga,s1,18.0,10.934448283507878,0.2392715681893057,0.0035766970133812425,1.0337507003721373,0.0,0.0,0.0,0.0,0.4577279193014611,0.356,0.647
s1_bimga_dw100_aw10,bimga,s1,19.0,10.805092201695699,0.2319219497773325,0.00345815596997131,1.0227354640977222,0.0,0.0,0.0,0.0,0.4637183152423754,0.367,0.652
s1_bimga_dw100_aw10,bimga,s1,20.0,10.681696716586266,0.21980476217341174,0.003368509659766376,1.0125040995599492,0.0,0.0,0.0,0.0,0.46646613435992557,0.367,0.648
s1_bimga_dw100_aw10,bimga,s1,21.0,10.593036676403555,0.21717514374020608,0.003283284794203485,1.0047533049327249,0.0,0.0,0.0,0.0,0.46383199252452684,0.364,0.654
s1_bimga_dw100_aw10,bimga,s1,22.0,10.476702169487753,0.2136563555219661,0.0032013961875833816,0.9942906158015881,0.0,0.0,0.0,0.0,0.47227439928349246,0.375,0.65
s1_bimga_dw100_aw10,bimga,s1,23.0,10.402872305395698,0.20487815440604965,0.0031176556012330117,0.9886228610572617,0.0,0.0,0.0,0.0,0.4664294264987311,0.365,0.651
s1_bimga_dw100_aw10,bimga,s1,24.0,10.292805037010893,0.20065337639670025,0.003040883743383339,0.9788063314180027,0.0,0.0,0.0,0.0,0.4756503994331869,0.379,0.652
s1_bimga_dw100_aw10,bimga,s1,25.0,10.212210286634633,0.1981801397814391,0.0029659130835689384,0.9717438845948495,0.0,0.0,0.0,0.0,0.477763999233954,0.383,0.658
s1_bimga_dw100_aw10,bimga,s1,26.0,10.130057880328888,0.19288262301988163,0.0029010921874062594,0.9647066032246039,0.0,0.0,0.0,0.0,0.4741428444103079,0.376,0.663
s1_bimga_dw100_aw10,bimga,s1,27.0,10.032351368221502,0.18569423996260714,0.0028234448645464054,0.95643126406744,0.0,0.0,0.0,0.0,0.47572235818759945,0.377,0.654
s1_bimga_dw100_aw10,bimga,s1,28.0,9.95909589374086,0.17823110200606765,0.00276427149959877,0.9504437662493211,0.0,0.0,0.0,0.0,0.47422101851375914,0.373,0.665
s1_bimga_dw100_aw10,bimga,s1,29.0,9.891011424866251,0.17973573805774,0.0027186585306972783,0.9439409832813918,0.0,0.0,0.0,0.0,0.48002339360721635,0.384,0.661
s1_bimga_dw100_aw10,bimga,s1,30.0,9.819134794859993,0.17913028152346405,0.0026630739777460306,0.9373697102379758,0.0,0.0,0.0,0.0,0.47815489561887736,0.381,0.667
s1_bimga_dw50_aw1,bimga,s1,1.0,2.7732516632542867,0.41902744959865534,0.006720156635624233,2.018216374841885,0.0,0.0,0.0,0.0,0.36399097567145,0.271,0.539
s1_bimga_dw50_aw1,bimga,s1,2.0,2.5707633135843526,0.36263478831412266,0.006269418206743806,1.8946576118469238,0.0,0.0,0.0,0.0,0.35984849724968765,0.263,0.533
s1_bimga_dw50_aw1,bimga,s1,3.0,2.438283444277335,0.3301284428124205,0.006077753327483476,1.804267334566166,0.0,0.0,0.0,0.0,0.3708886409421412,0.278,0.562
s1_bimga_dw50_aw1,bimga,s1,4.0,2.3318971224012985,0.30337274491632005,0.0059264577340909265,1.7322014902865246,0.0,0.0,0.0,0.0,0.3750922462708553,0.282,0.565
s1_bimga_dw50_aw1,bimga,s1,5.0,2.2357216474295076,0.2734065568090725,0.005779239997926266,1.673353087137642,0.0,0.0,0.0,0.0,0.37568582293180497,0.28,0.564
s1_bimga_dw50_aw1,bimga,s1,6.0,2.164214890585822,0.2566883943497205,0.005645805216867289,1.625236231698114,0.0,0.0,0.0,0.0,0.37483675231112545,0.277,0.559
s1_bimga_dw50_aw1,bimga,s1,7.0,2.104404374466405,0.24379708539804304,0.005535313877336797,1.5838415856171315,0.0,0.0,0.0,0.0,0.3723156661928824,0.277,0.567
s1_bimga_dw50_aw1,bimga,s1,8.0,2.0519549854913244,0.23104898084077719,0.0054535585474965375,1.5482280758472622,0.0,0.0,0.0,0.0,0.38524392974081095,0.291,0.564
s1_bimga_dw50_aw1,bimga,s1,9.0,2.002839832826545,0.21649832337888109,0.005324729392224312,1.5201050439781705,0.0,0.0,0.0,0.0,0.3922295905653221,0.298,0.582
s1_bimga_dw50_aw1,bimga,s1,10.0,1.9450167578675719,0.19621043125461252,0.005168410643541369,1.4903857962097617,0.0,0.0,0.0,0.0,0.38951857068661083,0.292,0.575
s1_bimga_dw50_aw1,bimga,s1,11.0,1.908553282557575,0.18961892856133253,0.005104397488128478,1.4637144783340665,0.0,0.0,0.0,0.0,0.38917409824933186,0.29,0.581
s1_bimga_dw50_aw1,bimga,s1,12.0,1.874414321248205,0.1832077116406873,0.005012150008499338,1.4405991058002519,0.0,0.0,0.0,0.0,0.39635965571504433,0.304,0.582
s1_bimga_dw50_aw1,bimga,s1,13.0,1.8332848480710537,0.16880072747555722,0.004921175477351587,1.4184253430655758,0.0,0.0,0.0,0.0,0.40232477085591595,0.308,0.595
s1_bimga_dw50_aw1,bimga,s1,14.0,1.8006037740195024,0.1595205846121551,0.00482139575893973,1.4000134015620478,0.0,0.0,0.0,0.0,0.4078086861615457,0.314,0.593
s1_bimga_dw50_aw1,bimga,s1,15.0,1.781421783685271,0.1607161399616216,0.004755057473997851,1.3829527698728405,0.0,0.0,0.0,0.0,0.4050522564121716,0.309,0.578
s1_bimga_dw50_aw1,bimga,s1,16.0,1.747382405932276,0.14817618051191964,0.004658379391452339,1.3662872539649182,0.0,0.0,0.0,0.0,0.4056478191514095,0.306,0.595
s1_bimga_dw50_aw1,bimga,s1,17.0,1.7286454641633058,0.1493949721820743,0.00458143968772679,1.3501785065933571,0.0,0.0,0.0,0.0,0.40988863238300177,0.309,0.597
s1_bimga_dw50_aw1,bimga,s1,18.0,1.7004774383283776,0.14018416344034818,0.004488440343070665,1.3358712564101458,0.0,0.0,0.0,0.0,0.4139000049377105,0.312,0.601
s1_bimga_dw50_aw1,bimga,s1,19.0,1.677757751177254,0.1368512760531448,0.004411927433248667,1.3203101044511052,0.0,0.0,0.0,0.0,0.41543869127064864,0.316,0.612
s1_bimga_dw50_aw1,bimga,s1,20.0,1.6487264767469938,0.12812316051298556,0.004324792195482751,1.3043637095952159,0.0,0.0,0.0,0.0,0.41883464162005724,0.32,0.612
s1_bimga_dw50_aw1,bimga,s1,21.0,1.634855766436876,0.12735711685680434,0.0042701598698276525,1.2939906560362315,0.0,0.0,0.0,0.0,0.4192936792574529,0.326,0.616
s1_bimga_dw50_aw1,bimga,s1,22.0,1.6110724059919757,0.12236797923554685,0.004198806817954861,1.2787640850919992,0.0,0.0,0.0,0.0,0.422375114801126,0.325,0.616
s1_bimga_dw50_aw1,bimga,s1,23.0,1.5977851191674404,0.11953239147414162,0.004140585224326552,1.2712234638799207,0.0,0.0,0.0,0.0,0.4248087804945099,0.322,0.621
s1_bimga_dw50_aw1,bimga,s1,24.0,1.5776094245745362,0.11609000611914712,0.00406216889050058,1.2584109719539225,0.0,0.0,0.0,0.0,0.42322133572096726,0.324,0.617
s1_bimga_dw50_aw1,bimga,s1,25.0,1.5623919110570872,0.1143487820133851,0.003995037781707361,1.248291239581447,0.0,0.0,0.0,0.0,0.4305153787728343,0.333,0.62
s1_bimga_dw50_aw1,bimga,s1,26.0,1.5454394077717535,0.11001928914435195,0.003946941579971301,1.2380730382697833,0.0,0.0,0.0,0.0,0.434056552448968,0.34,0.627
s1_bimga_dw50_aw1,bimga,s1,27.0,1.5253681706803717,0.105479115213508,0.0038615948132415217,1.2268093169458612,0.0,0.0,0.0,0.0,0.4408119711581742,0.349,0.615
s1_bimga_dw50_aw1,bimga,s1,28.0,1.5110803823950385,0.10275034912001581,0.0038095295729448104,1.217853549861412,0.0,0.0,0.0,0.0,0.43999666854150815,0.346,0.627
s1_bimga_dw50_aw1,bimga,s1,29.0,1.5010994222383152,0.10196794725089388,0.003776854115975714,1.2102887665584967,0.0,0.0,0.0,0.0,0.4430716742426697,0.345,0.636
s1_bimga_dw50_aw1,bimga,s1,30.0,1.4855661499644897,0.09996985635063264,0.0036976238909585844,1.2007150988851512,0.0,0.0,0.0,0.0,0.435485750122652,0.336,0.623
s1_bimga_dw50_aw10,bimga,s1,1.0,18.25135060612829,0.5570272161291212,0.008437435442107235,1.7272451649092306,0.0,0.0,0.0,0.0,0.32584013197717243,0.235,0.506
s1_bimga_dw50_aw10,bimga,s1,2.0,15.503740199930332,0.5460856506791437,0.008573218749955529,1.4528993595410882,0.0,0.0,0.0,0.0,0.3434696385290647,0.244,0.539
s1_bimga_dw50_aw10,bimga,s1,3.0,14.46531385028383,0.5064033653386957,0.007964941627786623,1.3560663381110445,0.0,0.0,0.0,0.0,0.35566226954958413,0.251,0.562
s1_bimga_dw50_aw10,bimga,s1,4.0,13.83643937234862,0.4680905863126188,0.007430850180346951,1.2996806245122874,0.0,0.0,0.0,0.0,0.36938231194003723,0.27,0.569
s1_bimga_dw50_aw10,bimga,s1,5.0,13.374406837714607,0.42683166550856527,0.006929797301976013,1.2601085293850824,0.0,0.0,0.0,0.0,0.38191807611255574,0.28,0.57
s1_bimga_dw50_aw10,bimga,s1,6.0,13.00965801351405,0.4131222360184742,0.006510443847458584,1.227101358631868,0.0,0.0,0.0,0.0,0.3886931394694069,0.285,0.585
s1_bimga_dw50_aw10,bimga,s1,7.0,12.695825631325125,0.3906153164661943,0.006122339883273664,1.1999093279681545,0.0,0.0,0.0,0.0,0.40061612192617746,0.297,0.583
s1_bimga_dw50_aw10,bimga,s1,8.0,12.4202246492409,0.3675999909355281,0.005819327415869389,1.1761658290849815,0.0,0.0,0.0,0.0,0.40583038890448325,0.303,0.591
s1_bimga_dw50_aw10,bimga,s1,9.0,12.200792648143537,0.34961956164814156,0.00552535631598669,1.1574905245101639,0.0,0.0,0.0,0.0,0.4198168904505083,0.32,0.61
s1_bimga_dw50_aw10,bimga,s1,10.0,11.975990437552255,0.3290249503748669,0.005289892070447345,1.1382470856093039,0.0,0.0,0.0,0.0,0.41736255572125297,0.314,0.609
s1_bimga_dw50_aw10,bimga,s1,11.0,11.762028365242626,0.31670446312975015,0.005068768527232872,1.1191885477542052,0.0,0.0,0.0,0.0,0.4265480681777492,0.324,0.621
s1_bimga_dw50_aw10,bimga,s1,12.0,11.58531597210175,0.3029098800759588,0.0048438297625811874,1.104021459559634,0.0,0.0,0.0,0.0,0.4330417430924973,0.332,0.621
s1_bimga_dw50_aw10,bimga,s1,13.0,11.41754233857788,0.2868617683248772,0.004675793239565977,1.0896890909254449,0.0,0.0,0.0,0.0,0.43503485364141,0.329,0.628
s1_bimga_dw50_aw10,bimga,s1,14.0,11.254491303574481,0.2690076918649508,0.004475495694495699,1.076170883517538,0.0,0.0,0.0,0.0,0.43944970812456724,0.336,0.63
s1_bimga_dw50_aw10,bimga,s1,15.0,11.120739730226726,0.26384586975159224,0.0043548038963751425,1.0639153641472656,0.0,0.0,0.0,0.0,0.4485543281310177,0.349,0.637
s1_bimga_dw50_aw10,bimga,s1,16.0,10.985441254164565,0.25385898589261485,0.004198004735756401,1.0521682022555863,0.0,0.0,0.0,0.0,0.4504408937912061,0.347,0.642
s1_bimga_dw50_aw10,bimga,s1,17.0,10.862217498197506,0.2484875264185347,0.0040478414147317515,1.0411337913632186,0.0,0.0,0.0,0.0,0.45390784494042524,0.355,0.646
s1_bimga_dw50_aw10,bimga,s1,18.0,10.73486032271096,0.23383385733260645,0.003934301450474113,1.0304311373411472,0.0,0.0,0.0,0.0,0.45327429525845536,0.351,0.641
s1_bimga_dw50_aw10,bimga,s1,19.0,10.611913745490062,0.2264150354552827,0.0038044052747315507,1.01952784292826,0.0,0.0,0.0,0.0,0.45792092644933347,0.357,0.648
s1_bimga_dw50_aw10,bimga,s1,20.0,10.491930412874272,0.214336088924722,0.003704496236046715,1.009236952770934,0.0,0.0,0.0,0.0,0.4619432910912109,0.361,0.642
s1_bimga_dw50_aw10,bimga,s1,21.0,10.406555906325528,0.2113878456504444,0.0036090087965518183,1.0014717604713175,0.0,0.0,0.0,0.0,0.45972920696182046,0.357,0.649
s1_bimga_dw50_aw10,bimga,s1,22.0,10.294291615279542,0.20784191298500299,0.003517755655494343,0.9910561917559526,0.0,0.0,0.0,0.0,0.46342932696192257,0.36,0.641
s1_bimga_dw50_aw10,bimga,s1,23.0,10.223368763717042,0.19914496661627107,0.0034238974183662253,0.9853028930865706,0.0,0.0,0.0,0.0,0.4633693631968025,0.361,0.649
s1_bimga_dw50_aw10,bimga,s1,24.0,10.116909949370438,0.1950428130773366,0.0033415772296824012,0.9754788280566395,0.0,0.0,0.0,0.0,0.47369812140727596,0.377,0.652
s1_bimga_dw50_aw10,bimga,s1,25.0,10.039413143072013,0.1921584605912402,0.003260649985228657,0.9684222184599376,0.0,0.0,0.0,0.0,0.4751292175568172,0.379,0.658
s1_bimga_dw50_aw10,bimga,s1,26.0,9.959474662767539,0.18652412496778334,0.003186099265542275,0.961364559222342,0.0,0.0,0.0,0.0,0.46956881325739575,0.371,0.661
s1_bimga_dw50_aw10,bimga,s1,27.0,9.865458898362501,0.17945525006260368,0.0031024064179477596,0.9530883316770583,0.0,0.0,0.0,0.0,0.47421838691403034,0.376,0.652
s1_bimga_dw50_aw10,bimga,s1,28.0,9.794150995423104,0.17176567273379095,0.0030369907536865106,0.9470535813212602,0.0,0.0,0.0,0.0,0.4741450446442054,0.374,0.661
s1_bimga_dw50_aw10,bimga,s1,29.0,9.728696930553099,0.17369399375348404,0.0029845932019193313,0.9405773281018077,0.0,0.0,0.0,0.0,0.4768630332423577,0.379,0.659
s1_bimga_dw50_aw10,bimga,s1,30.0,9.658574221658954,0.17239871973969184,0.002924983028525832,0.9339926357492417,0.0,0.0,0.0,0.0,0.4770099408057439,0.383,0.663
s1_bimga_dw50_aw5,bimga,s1,1.0,9.936481611360916,0.47194727570903156,0.007307734740720465,1.8198295191214444,0.0,0.0,0.0,0.0,0.3401103506192701,0.243,0.529
s1_bimga_dw50_aw5,bimga,s1,2.0,8.612912351585138,0.44937406312448314,0.007414072962635983,1.5585669235712114,0.0,0.0,0.0,0.0,0.3483058309375583,0.249,0.547
s1_bimga_dw50_aw5,bimga,s1,3.0,8.007373000761458,0.4198445437324316,0.007206501690202765,1.4454406764313088,0.0,0.0,0.0,0.0,0.36390037899097155,0.267,0.553
s1_bimga_dw50_aw5,bimga,s1,4.0,7.637779710197779,0.3927052880619593,0.006964864679797838,1.3793662426996478,0.0,0.0,0.0,0.0,0.36803671534123716,0.27,0.566
s1_bimga_dw50_aw5,bimga,s1,5.0,7.358491161253878,0.35781156409861103,0.00666942345737068,1.3334416824568909,0.0,0.0,0.0,0.0,0.3773738451075944,0.279,0.569
s1_bimga_dw50_aw5,bimga,s1,6.0,7.155696235868299,0.3472644812338687,0.006390499671762954,1.2977813531868998,0.0,0.0,0.0,0.0,0.37482976216549163,0.271,0.58
s1_bimga_dw50_aw5,bimga,s1,7.0,6.98088586020511,0.32780264205649573,0.006114430615010201,1.269472337884754,0.0,0.0,0.0,0.0,0.38578412069985724,0.286,0.574
s1_bimga_dw50_aw5,bimga,s1,8.0,6.825042286613372,0.309803688572639,0.005890805899703058,1.244139662855006,0.0,0.0,0.0,0.0,0.39389800159820826,0.291,0.584
s1_bimga_dw50_aw5,bimga,s1,9.0,6.699923838445177,0.2933877105574467,0.0056577486258833,1.2247297408469215,0.0,0.0,0.0,0.0,0.4014471333139894,0.298,0.601
s1_bimga_dw50_aw5,bimga,s1,10.0,6.566997955328877,0.27393707110057464,0.005446655344075977,1.2041456236583108,0.0,0.0,0.0,0.0,0.40733197716014924,0.303,0.601
s1_bimga_dw50_aw5,bimga,s1,11.0,6.454312948461628,0.26578823775956906,0.005270577934885356,1.1849991649234315,0.0,0.0,0.0,0.0,0.4170174100812504,0.31,0.604
s1_bimga_dw50_aw5,bimga,s1,12.0,6.35324623762425,0.2533426610188013,0.005072377179063327,1.1692569452100652,0.0,0.0,0.0,0.0,0.4237822467987591,0.323,0.61
s1_bimga_dw50_aw5,bimga,s1,13.0,6.2577836154032,0.24013140748224288,0.004924512046600726,1.1542853209959985,0.0,0.0,0.0,0.0,0.4248385771983625,0.323,0.619
s1_bimga_dw50_aw5,bimga,s1,14.0,6.167045541198043,0.22725966802606137,0.00475334624301455,1.1404237102594492,0.0,0.0,0.0,0.0,0.4270861190182736,0.323,0.624
s1_bimga_dw50_aw5,bimga,s1,15.0,6.09408771475225,0.22415411478131234,0.004634938185850555,1.1276373382870823,0.0,0.0,0.0,0.0,0.42872521375205047,0.323,0.619
s1_bimga_dw50_aw5,bimga,s1,16.0,6.015061260302724,0.21454309502316307,0.004491006462807336,1.115193567924731,0.0,0.0,0.0,0.0,0.437487238194107,0.333,0.627
s1_bimga_dw50_aw5,bimga,s1,17.0,5.946880612464257,0.2113627014452498,0.004345465325177413,1.1036489292901766,0.0,0.0,0.0,0.0,0.4406064188230705,0.341,0.628
s1_bimga_dw50_aw5,bimga,s1,18.0,5.871393937585259,0.19853168469651938,0.00423888478628271,1.0921836021248141,0.0,0.0,0.0,0.0,0.444197854825523,0.345,0.636
s1_bimga_dw50_aw5,bimga,s1,19.0,5.802394683480882,0.19295233202714027,0.004109404898414863,1.0807944204613076,0.0,0.0,0.0,0.0,0.4439214332514896,0.338,0.637
s1_bimga_dw50_aw5,bimga,s1,20.0,5.72923954892613,0.18143351756978904,0.004009751203119677,1.0694636951492813,0.0,0.0,0.0,0.0,0.447693119118008,0.347,0.639
s1_bimga_dw50_aw5,bimga,s1,21.0,5.683763113137547,0.1803934808297525,0.003911672493739883,1.0615571988310724,0.0,0.0,0.0,0.0,0.45021840010535485,0.349,0.644
s1_bimga_dw50_aw5,bimga,s1,22.0,5.619279963924732,0.176081158827661,0.0038266350838809275,1.0503734112612295,0.0,0.0,0.0,0.0,0.45259447733998714,0.353,0.64
s1_bimga_dw50_aw5,bimga,s1,23.0,5.575463814793261,0.16784231455760978,0.0037275176734197077,1.044249123055972,0.0,0.0,0.0,0.0,0.4572378346699411,0.356,0.64
s1_bimga_dw50_aw5,bimga,s1,24.0,5.516818158961251,0.16523925392554373,0.00364273439841006,1.0338884368926236,0.0,0.0,0.0,0.0,0.4600282429590284,0.362,0.641
s1_bimga_dw50_aw5,bimga,s1,25.0,5.472878956092292,0.16338920669446166,0.003558803726620391,1.0263099097089916,0.0,0.0,0.0,0.0,0.4642510026974337,0.368,0.645
s1_bimga_dw50_aw5,bimga,s1,26.0,5.426002228074099,0.15826579579757447,0.0034843732347063063,1.0187035551104224,0.0,0.0,0.0,0.0,0.46004143903526223,0.356,0.652
s1_bimga_dw50_aw5,bimga,s1,27.0,5.370924824032048,0.15064368532579941,0.003395894446298867,1.0100972839410012,0.0,0.0,0.0,0.0,0.4742270524297527,0.379,0.648
s1_bimga_dw50_aw5,bimga,s1,28.0,5.329293096499385,0.14584869616043528,0.0033313248212089312,1.0033756303415349,0.0,0.0,0.0,0.0,0.4688752997257969,0.37,0.656
s1_bimga_dw50_aw5,bimga,s1,29.0,5.294142382603584,0.14713450139017203,0.003282090025167893,0.9965806785241363,0.0,0.0,0.0,0.0,0.47152060331644474,0.372,0.655
s1_bimga_dw50_aw5,bimga,s1,30.0,5.254185815411176,0.14568068114540295,0.0032072661378367627,0.9896283644530761,0.0,0.0,0.0,0.0,0.4737493845028208,0.381,0.659
s1_control_bs32,control,s1,1.0,0.36466951429379046,0.36466951429379046,0.0,0.0,0.0,0.0,0.0,0.0,0.3612764204289631,0.276,0.536
s1_control_bs32,control,s1,2.0,0.33600562551354207,0.33600562551354207,0.0,0.0,0.0,0.0,0.0,0.0,0.36212606976041267,0.273,0.535
s1_control_bs32,control,s1,3.0,0.30743895282571815,0.30743895282571815,0.0,0.0,0.0,0.0,0.0,0.0,0.35398155935090814,0.263,0.541
s1_control_bs32,control,s1,4.0,0.27616569066688135,0.27616569066688135,0.0,0.0,0.0,0.0,0.0,0.0,0.3616287275103271,0.271,0.537
s1_control_bs32,control,s1,5.0,0.24987319606377306,0.24987319606377306,0.0,0.0,0.0,0.0,0.0,0.0,0.35462560361596435,0.264,0.535
s1_control_bs32,control,s1,6.0,0.2311038609329398,0.2311038609329398,0.0,0.0,0.0,0.0,0.0,0.0,0.36120926385395874,0.27,0.54
s1_control_bs32,control,s1,7.0,0.2110267285470636,0.2110267285470636,0.0,0.0,0.0,0.0,0.0,0.0,0.3613940393580413,0.272,0.534
s1_embed_dw100_aw10,embed_distill,s1,1.0,13.216070575152154,0.5051618363559762,0.0068504522640122495,1.2025863516888544,0.0,0.0,0.0,0.0,0.3397600384553266,0.247,0.53
s1_embed_dw100_aw10,embed_distill,s1,2.0,11.40959993557459,0.4923467880931636,0.006479013900868143,1.0269351735891874,0.0,0.0,0.0,0.0,0.3557951963423379,0.261,0.546
s1_embed_dw100_aw10,embed_distill,s1,3.0,10.578119196966162,0.4749916264048069,0.006121116779918946,0.949101588651667,0.0,0.0,0.0,0.0,0.3622888305812507,0.26,0.565
s1_embed_dw100_aw10,embed_distill,s1,4.0,10.06482663146338,0.448521834648048,0.005795345512546431,0.903677025328889,0.0,0.0,0.0,0.0,0.3680015647007617,0.264,0.572
s1_embed_dw100_aw10,embed_distill,s1,5.0,9.686457381091456,0.41716588710788216,0.0054524761981345335,0.8724043846543574,0.0,0.0,0.0,0.0,0.3794528768076964,0.276,0.572
s1_embed_dw100_aw10,embed_distill,s1,6.0,9.405935299045291,0.4031136874722856,0.005190176206545669,0.8483804036674302,0.0,0.0,0.0,0.0,0.37963959923113827,0.272,0.588
s1_embed_dw100_aw10,embed_distill,s1,7.0,9.164752355274748,0.3827840453159045,0.004943929349945493,0.8287575360600622,0.0,0.0,0.0,0.0,0.39093854760373803,0.287,0.591
s1_embed_dw100_aw10,embed_distill,s1,8.0,8.960027564129755,0.3639194223920022,0.004750869400715342,0.8121021179227317,0.0,0.0,0.0,0.0,0.39267527809549896,0.281,0.602
s1_embed_dw100_aw10,embed_distill,s1,9.0,8.764634793511297,0.34042239623011916,0.004553542365085986,0.7968858141626395,0.0,0.0,0.0,0.0,0.4083903516254306,0.302,0.601
s1_embed_dw100_aw10,embed_distill,s1,10.0,8.595365806923375,0.32109997226522535,0.004369066568959885,0.7837359182136311,0.0,0.0,0.0,0.0,0.4077468713506737,0.298,0.62
s1_embed_dw100_aw10,embed_distill,s1,11.0,8.453073361924037,0.30768423141391893,0.004235540083698296,0.7721835122777849,0.0,0.0,0.0,0.0,0.41268722028783383,0.31,0.608
s1_embed_dw100_aw10,embed_distill,s1,12.0,8.319613630271661,0.29787030542330684,0.004086251654282884,0.7613118155576947,0.0,0.0,0.0,0.0,0.4217503198907614,0.315,0.62
s1_embed_dw100_aw10,embed_distill,s1,13.0,8.191484781856966,0.2794076756314347,0.0039582283807469715,0.7516254272370033,0.0,0.0,0.0,0.0,0.4293667178443244,0.327,0.621
s1_embed_dw100_aw10,embed_distill,s1,14.0,8.062808314477136,0.2631474783453619,0.0038235530671235853,0.7417305521989819,0.0,0.0,0.0,0.0,0.43447037858840065,0.334,0.63
s1_embed_dw100_aw10,embed_distill,s1,15.0,7.961883828379666,0.260102399997736,0.0037141930073034827,0.7330362135657404,0.0,0.0,0.0,0.0,0.44209114171373676,0.345,0.632
s1_embed_dw100_aw10,embed_distill,s1,16.0,7.855350277039579,0.24920730376729106,0.003606794574306035,0.7245463506807694,0.0,0.0,0.0,0.0,0.4463851165643902,0.347,0.634
s1_embed_dw100_aw10,embed_distill,s1,17.0,7.762480855607904,0.24250721248380025,0.0034993635434043984,0.7170037274963934,0.0,0.0,0.0,0.0,0.45092033438841894,0.353,0.639
s1_embed_dw100_aw10,embed_distill,s1,18.0,7.662100381206598,0.22880642639030824,0.003405104710460613,0.7092783471740511,0.0,0.0,0.0,0.0,0.44504931135353604,0.344,0.648
s1_embed_dw100_aw10,embed_distill,s1,19.0,7.574396040865206,0.2213238989240272,0.0033240208593544192,0.7020670050558225,0.0,0.0,0.0,0.0,0.4520248541540284,0.355,0.64
s1_embed_dw100_aw10,embed_distill,s1,20.0,7.484894968194813,0.2071513876099417,0.0032427265087668776,0.6953470938333812,0.0,0.0,0.0,0.0,0.4506992269743182,0.357,0.644
s1_embed_dw100_aw10,embed_distill,s1,21.0,7.410944326291671,0.20668525936362855,0.003161835768284273,0.6888075494683594,0.0,0.0,0.0,0.0,0.4493304884412366,0.35,0.649
s1_embed_dw100_aw10,embed_distill,s1,22.0,7.338601821423404,0.2014677693463694,0.0031043287440069164,0.6826701178707738,0.0,0.0,0.0,0.0,0.45500690457972087,0.359,0.646
s1_embed_dw100_aw10,embed_distill,s1,23.0,7.264142453773803,0.19272221393715364,0.003026949059770183,0.6768725320206151,0.0,0.0,0.0,0.0,0.4562501574119513,0.357,0.65
s1_embed_dw100_aw10,embed_distill,s1,24.0,7.194861106277545,0.1889092089346831,0.002966049931494703,0.670934690863049,0.0,0.0,0.0,0.0,0.4622456163857305,0.361,0.652
s1_embed_dw100_aw10,embed_distill,s1,25.0,7.132794271928598,0.18754642421260243,0.0029018986340696106,0.6655057997182916,0.0,0.0,0.0,0.0,0.45840627624782665,0.358,0.657
s1_embed_dw100_aw10,embed_distill,s1,26.0,7.064810536349873,0.18078890692061733,0.0028461063752012196,0.6599410982024525,0.0,0.0,0.0,0.0,0.4643949915928929,0.365,0.654
s1_embed_dw100_aw10,embed_distill,s1,27.0,7.000855699568935,0.17427750094511274,0.002784816126954101,0.6548096571679338,0.0,0.0,0.0,0.0,0.4621099012168901,0.362,0.644
s1_embed_dw100_aw10,embed_distill,s1,28.0,6.938045712442911,0.16608000055368685,0.0027140430876891578,0.6500561399517687,0.0,0.0,0.0,0.0,0.4622774558551022,0.36,0.657
s1_embed_dw100_aw10,embed_distill,s1,29.0,6.887990108602382,0.165170573046757,0.0026824134135654317,0.6454578191816703,0.0,0.0,0.0,0.0,0.46583615868543876,0.364,0.654
s1_embed_dw100_aw10,embed_distill,s1,30.0,6.829641387615501,0.1635167005260441,0.0026282606649646726,0.6403298617648913,0.0,0.0,0.0,0.0,0.4623279208583479,0.36,0.663
s1_embed_dw50_aw1,embed_distill,s1,1.0,2.1158465636664907,0.41777063513649193,0.006692575289185064,1.3634471606133922,0.0,0.0,0.0,0.0,0.36570550253840295,0.276,0.542
s1_embed_dw50_aw1,embed_distill,s1,2.0,1.9722471022316654,0.36006240328480094,0.006201189326080437,1.3021252254472861,0.0,0.0,0.0,0.0,0.3599120356343396,0.262,0.541
s1_embed_dw50_aw1,embed_distill,s1,3.0,1.8821524939462673,0.32716405405897,0.00598385942005512,1.2557954684907064,0.0,0.0,0.0,0.0,0.3723187829871471,0.277,0.557
s1_embed_dw50_aw1,embed_distill,s1,4.0,1.80610428587816,0.2997348946704815,0.0058079242344745525,1.2159731786833685,0.0,0.0,0.0,0.0,0.37601578556094717,0.283,0.555
s1_embed_dw50_aw1,embed_distill,s1,5.0,1.7329989002317034,0.26974277354557347,0.005646610808473216,1.1809255837154553,0.0,0.0,0.0,0.0,0.3773546592891531,0.285,0.56
s1_embed_dw50_aw1,embed_distill,s1,6.0,1.6801313120529597,0.25320757855782267,0.0055098124469858,1.1514331102371216,0.0,0.0,0.0,0.0,0.37423469900743805,0.278,0.559
s1_embed_dw50_aw1,embed_distill,s1,7.0,1.6339078769733422,0.239975794039318,0.0053967858432264326,1.1240927877624485,0.0,0.0,0.0,0.0,0.3765967342412917,0.285,0.568
s1_embed_dw50_aw1,embed_distill,s1,8.0,1.5936052100910472,0.22749818466358415,0.005314634163804236,1.1003753143125432,0.0,0.0,0.0,0.0,0.38118395417786605,0.286,0.569
s1_embed_dw50_aw1,embed_distill,s1,9.0,1.5502267187554875,0.21218859187393502,0.005189147212928358,1.0785807652118093,0.0,0.0,0.0,0.0,0.38619081241126646,0.287,0.575
s1_embed_dw50_aw1,embed_distill,s1,10.0,1.5022793568192983,0.19261613559216725,0.005028317893082131,1.0582473253253428,0.0,0.0,0.0,0.0,0.38924776411679884,0.292,0.572
s1_embed_dw50_aw1,embed_distill,s1,11.0,1.4741348193464494,0.18529183931480867,0.0049645229730193394,1.0406168325315108,0.0,0.0,0.0,0.0,0.3910005928997055,0.296,0.578
s1_embed_dw50_aw1,embed_distill,s1,12.0,1.4484657129753813,0.17987621152705707,0.004899881307222917,1.0235954360904065,0.0,0.0,0.0,0.0,0.39492061594328215,0.302,0.577
s1_embed_dw50_aw1,embed_distill,s1,13.0,1.413231896155835,0.16523393500512354,0.00479837107121867,1.0080794069134797,0.0,0.0,0.0,0.0,0.39814048767664156,0.304,0.584
s1_embed_dw50_aw1,embed_distill,s1,14.0,1.3828310016123013,0.1548699514562687,0.004701158212194384,0.9929031374342934,0.0,0.0,0.0,0.0,0.4042910678391377,0.312,0.591
s1_embed_dw50_aw1,embed_distill,s1,15.0,1.367538351533318,0.15542411408427476,0.004640109137756237,0.9801087787494296,0.0,0.0,0.0,0.0,0.397214423612415,0.302,0.577
s1_embed_dw50_aw1,embed_distill,s1,16.0,1.3385793315682502,0.14423493692325348,0.004541232275649053,0.9672827824976044,0.0,0.0,0.0,0.0,0.4018663388733059,0.304,0.596
s1_embed_dw50_aw1,embed_distill,s1,17.0,1.322107671451734,0.14331756169347665,0.004479626522107337,0.9548087859690912,0.0,0.0,0.0,0.0,0.4061810526408518,0.309,0.586
s1_embed_dw50_aw1,embed_distill,s1,18.0,1.3010637908915712,0.1376275072839479,0.004388039659682913,0.9440342998793881,0.0,0.0,0.0,0.0,0.4081576341977541,0.313,0.59
s1_embed_dw50_aw1,embed_distill,s1,19.0,1.2823705528596452,0.13201340196889855,0.0043262381129212145,0.9340452463002924,0.0,0.0,0.0,0.0,0.404370293476167,0.308,0.592
s1_embed_dw50_aw1,embed_distill,s1,20.0,1.2585391554096956,0.12417890817779188,0.00424127220022823,0.9222966363359778,0.0,0.0,0.0,0.0,0.4100126268925077,0.311,0.6
s1_embed_dw50_aw1,embed_distill,s1,21.0,1.2445323855666188,0.1228843905238283,0.00417594335516479,0.9128508288897509,0.0,0.0,0.0,0.0,0.4095959022752275,0.313,0.602
s1_embed_dw50_aw1,embed_distill,s1,22.0,1.2262022565514417,0.11718976957339348,0.004105703103431925,0.9037273305127691,0.0,0.0,0.0,0.0,0.4131385236663978,0.317,0.599
s1_embed_dw50_aw1,embed_distill,s1,23.0,1.2133272904870416,0.11549654404795769,0.004055025739162721,0.8950794626356617,0.0,0.0,0.0,0.0,0.41498540814518203,0.318,0.598
s1_embed_dw50_aw1,embed_distill,s1,24.0,1.1974245586676242,0.11172775202713248,0.003982244459331113,0.8865845827337361,0.0,0.0,0.0,0.0,0.41545072187341764,0.32,0.609
s1_embed_dw50_aw1,embed_distill,s1,25.0,1.18704904117452,0.11202485320937902,0.003921335333461133,0.8789574210523939,0.0,0.0,0.0,0.0,0.4142876929617663,0.319,0.597
s1_embed_dw50_aw1,embed_distill,s1,26.0,1.1676194969454918,0.10492693549554724,0.0038479969133033806,0.8702927153279918,0.0,0.0,0.0,0.0,0.42346190611249424,0.324,0.61
s1_embed_dw50_aw1,embed_distill,s1,27.0,1.1531339621419923,0.10110166203069211,0.0037869944566444364,0.8626825766092363,0.0,0.0,0.0,0.0,0.42753353116193576,0.33,0.607
s1_embed_dw50_aw1,embed_distill,s1,28.0,1.1410091881942088,0.09950823392363933,0.003732405247027942,0.8548806949132857,0.0,0.0,0.0,0.0,0.4239645488107037,0.328,0.605
s1_embed_dw50_aw1,embed_distill,s1,29.0,1.1314965666270131,0.09789579232550989,0.003699096038362957,0.8486459714907707,0.0,0.0,0.0,0.0,0.43283696476631744,0.337,0.621
s1_embed_dw50_aw1,embed_distill,s1,30.0,1.1179209019943581,0.09563146601310016,0.0036176476196629645,0.8414070554581218,0.0,0.0,0.0,0.0,0.427291236054678,0.331,0.609
s1_embed_dw50_aw10,embed_distill,s1,1.0,12.806123657491012,0.5230543716993035,0.0072861666762087645,1.191876097196516,0.0,0.0,0.0,0.0,0.3315728507132972,0.239,0.52
s1_embed_dw50_aw10,embed_distill,s1,2.0,11.012894131281966,0.5045642894878338,0.007073113154071146,1.0154674188516375,0.0,0.0,0.0,0.0,0.34645332694329295,0.251,0.535
s1_embed_dw50_aw10,embed_distill,s1,3.0,10.223346240805588,0.4790318313359801,0.006706263227598093,0.9409001222722865,0.0,0.0,0.0,0.0,0.3513800703222216,0.248,0.555
s1_embed_dw50_aw10,embed_distill,s1,4.0,9.745602394513902,0.44893240378572374,0.006365377955506693,0.8978401129125929,0.0,0.0,0.0,0.0,0.3624381571462647,0.259,0.563
s1_embed_dw50_aw10,embed_distill,s1,5.0,9.39377195335137,0.4134483788569217,0.006000692969869235,0.8680288919749665,0.0,0.0,0.0,0.0,0.36648931699253434,0.263,0.561
s1_embed_dw50_aw10,embed_distill,s1,6.0,9.132869308908022,0.39762434522190376,0.0057245754052528165,0.8449016178294733,0.0,0.0,0.0,0.0,0.3685834801393118,0.263,0.58
s1_embed_dw50_aw10,embed_distill,s1,7.0,8.909806674646546,0.3766724072280542,0.005469298041046337,0.8259669354304904,0.0,0.0,0.0,0.0,0.38044375014712534,0.273,0.586
s1_embed_dw50_aw10,embed_distill,s1,8.0,8.71769593369403,0.3567980199251679,0.0052655064105419395,0.8097622602196666,0.0,0.0,0.0,0.0,0.3799786216881555,0.269,0.593
s1_embed_dw50_aw10,embed_distill,s1,9.0,8.535236110720312,0.3334696690456706,0.005063301903006832,0.7948601366742232,0.0,0.0,0.0,0.0,0.3969917394830612,0.286,0.601
s1_embed_dw50_aw10,embed_distill,s1,10.0,8.376685912728929,0.3129322700835183,0.0048786003620362155,0.78198236278686,0.0,0.0,0.0,0.0,0.3982115315754521,0.289,0.611
s1_embed_dw50_aw10,embed_distill,s1,11.0,8.242095447289055,0.29915832269749565,0.004734189919013678,0.7706227636213319,0.0,0.0,0.0,0.0,0.4020549966895268,0.297,0.603
s1_embed_dw50_aw10,embed_distill,s1,12.0,8.117426666477938,0.29010220648046176,0.0045687709926939095,0.7598885909316858,0.0,0.0,0.0,0.0,0.4121865350016964,0.303,0.611
s1_embed_dw50_aw10,embed_distill,s1,13.0,7.996408179893031,0.27144031710212524,0.004445612936989247,0.750268720878059,0.0,0.0,0.0,0.0,0.4165491335442415,0.309,0.616
s1_embed_dw50_aw10,embed_distill,s1,14.0,7.8750930485320465,0.2557213144438209,0.004298753893984227,0.7404434008449574,0.0,0.0,0.0,0.0,0.4243257505920053,0.321,0.615
s1_embed_dw50_aw10,embed_distill,s1,15.0,7.7793375714399575,0.2523689327738934,0.00418536336261269,0.7317700453192977,0.0,0.0,0.0,0.0,0.4295545677377445,0.329,0.628
s1_embed_dw50_aw10,embed_distill,s1,16.0,7.679157777716837,0.2418969794720463,0.0040744292276202855,0.7233539338335008,0.0,0.0,0.0,0.0,0.4306802875636567,0.323,0.619
s1_embed_dw50_aw10,embed_distill,s1,17.0,7.591310227557733,0.23448923562025487,0.0039599526571061465,0.7158823360396837,0.0,0.0,0.0,0.0,0.43514449637426694,0.332,0.634
s1_embed_dw50_aw10,embed_distill,s1,18.0,7.495385007180622,0.22101311989296454,0.003859894989345681,0.7081377121976591,0.0,0.0,0.0,0.0,0.4357621369941418,0.332,0.636
s1_embed_dw50_aw10,embed_distill,s1,19.0,7.412620076686919,0.2139417132043136,0.003777497963724816,0.7009803466821667,0.0,0.0,0.0,0.0,0.44031479918363503,0.339,0.636
s1_embed_dw50_aw10,embed_distill,s1,20.0,7.326032283194557,0.1989600340185277,0.0036916036963417637,0.694249206750397,0.0,0.0,0.0,0.0,0.43940692648131496,0.341,0.636
s1_embed_dw50_aw10,embed_distill,s1,21.0,7.256592051408527,0.19871171593562775,0.00360651564763365,0.6877554556939176,0.0,0.0,0.0,0.0,0.4454835594592789,0.346,0.648
s1_embed_dw50_aw10,embed_distill,s1,22.0,7.186539272295127,0.19350258318426497,0.0035425326512542195,0.6815910061475929,0.0,0.0,0.0,0.0,0.4462317451166572,0.345,0.641
s1_embed_dw50_aw10,embed_distill,s1,23.0,7.116007255309583,0.18493844757253625,0.0034621839978097838,0.6757959599511463,0.0,0.0,0.0,0.0,0.4469027402783164,0.344,0.641
s1_embed_dw50_aw10,embed_distill,s1,24.0,7.049147526560871,0.181005625154313,0.0033944945115002077,0.6698417183224828,0.0,0.0,0.0,0.0,0.4543961856348113,0.354,0.656
s1_embed_dw50_aw10,embed_distill,s1,25.0,6.990555915303618,0.18010677293304553,0.0033287605068176673,0.6644011111978435,0.0,0.0,0.0,0.0,0.4523449578609585,0.351,0.651
s1_embed_dw50_aw10,embed_distill,s1,26.0,6.925104408991399,0.1727619995161297,0.0032776811045547704,0.6588458354799545,0.0,0.0,0.0,0.0,0.4534917093989393,0.349,0.648
s1_embed_dw50_aw10,embed_distill,s1,27.0,6.863370079721487,0.1662365584416344,0.0032051840939912525,0.6536874326924105,0.0,0.0,0.0,0.0,0.4547533466303424,0.354,0.65
s1_embed_dw50_aw10,embed_distill,s1,28.0,6.804183466595628,0.1581205401111207,0.003133557336582468,0.6489385066867082,0.0,0.0,0.0,0.0,0.45602198622420215,0.353,0.643
s1_embed_dw50_aw10,embed_distill,s1,29.0,6.755564342545058,0.15717225394613615,0.003097465984520068,0.6443518782405754,0.0,0.0,0.0,0.0,0.4575358061641014,0.356,0.649
s1_embed_dw50_aw10,embed_distill,s1,30.0,6.699121728926845,0.1552540492944329,0.003041296245843379,0.6391802855752783,0.0,0.0,0.0,0.0,0.45337025565346495,0.351,0.655
s1_embed_dw50_aw5,embed_distill,s1,1.0,7.0683050395297835,0.45839004485869533,0.006841123125885502,1.2535717685673018,0.0,0.0,0.0,0.0,0.3507078039474077,0.261,0.529
s1_embed_dw50_aw5,embed_distill,s1,2.0,6.250524344022807,0.4264165274088676,0.006587083754896394,1.09895072487446,0.0,0.0,0.0,0.0,0.35087140276554296,0.257,0.546
s1_embed_dw50_aw5,embed_distill,s1,3.0,5.81489003097164,0.40117158093836736,0.006425267130627169,1.0184910169300627,0.0,0.0,0.0,0.0,0.35978274865233606,0.26,0.553
s1_embed_dw50_aw5,embed_distill,s1,4.0,5.52442391493085,0.3758895084313545,0.006241612663360206,0.9672907542314645,0.0,0.0,0.0,0.0,0.36415480782968596,0.261,0.565
s1_embed_dw50_aw5,embed_distill,s1,5.0,5.304006604635942,0.3462083504327042,0.006010038036517347,0.9314592717218647,0.0,0.0,0.0,0.0,0.3664410114380925,0.264,0.557
s1_embed_dw50_aw5,embed_distill,s1,6.0,5.147127490316355,0.33430676388213704,0.005798178586133948,0.9045823552166362,0.0,0.0,0.0,0.0,0.3650476837036881,0.261,0.569
s1_embed_dw50_aw5,embed_distill,s1,7.0,5.014109495814173,0.3180020352247683,0.00559070691517982,0.88331442048686,0.0,0.0,0.0,0.0,0.37079049674780457,0.267,0.575
s1_embed_dw50_aw5,embed_distill,s1,8.0,4.898903769058412,0.30236388700312095,0.005424995228738574,0.8650580242766871,0.0,0.0,0.0,0.0,0.3777967571227461,0.272,0.59
s1_embed_dw50_aw5,embed_distill,s1,9.0,4.787425249453434,0.28271808834226747,0.005246218126848262,0.8484792508946755,0.0,0.0,0.0,0.0,0.386368856343918,0.281,0.597
s1_embed_dw50_aw5,embed_distill,s1,10.0,4.6870890738026105,0.26281504969611325,0.005062894190724559,0.834225865026074,0.0,0.0,0.0,0.0,0.38790431921389246,0.278,0.596
s1_embed_dw50_aw5,embed_distill,s1,11.0,4.613518057084373,0.2558614371450976,0.004942494448180758,0.8221063793635245,0.0,0.0,0.0,0.0,0.3899792970635269,0.283,0.602
s1_embed_dw50_aw5,embed_distill,s1,12.0,4.538104330852912,0.2470785906115479,0.004791852071852241,0.8102866244894587,0.0,0.0,0.0,0.0,0.3971140117570886,0.291,0.598
s1_embed_dw50_aw5,embed_distill,s1,13.0,4.464817399995166,0.2317953519781396,0.004670890433103672,0.7998955047316526,0.0,0.0,0.0,0.0,0.403591958958418,0.296,0.604
s1_embed_dw50_aw5,embed_distill,s1,14.0,4.39313707070706,0.2191874514587314,0.004520977783925586,0.7895801448532779,0.0,0.0,0.0,0.0,0.4109663772273154,0.307,0.619
s1_embed_dw50_aw5,embed_distill,s1,15.0,4.33943533029672,0.21613779265039715,0.004420110035810355,0.7804584092036071,0.0,0.0,0.0,0.0,0.4189363804083014,0.317,0.62
s1_embed_dw50_aw5,embed_distill,s1,16.0,4.2773167748178516,0.2050802077019855,0.0043040923709679315,0.7714063885720185,0.0,0.0,0.0,0.0,0.42205328707754064,0.316,0.621
s1_embed_dw50_aw5,embed_distill,s1,17.0,4.227891535651539,0.20098178099640734,0.004197671173779581,0.7634052378052856,0.0,0.0,0.0,0.0,0.4256509831674607,0.32,0.621
s1_embed_dw50_aw5,embed_distill,s1,18.0,4.172116549424117,0.19104230633744748,0.004096185366027509,0.755252996495113,0.0,0.0,0.0,0.0,0.43341212247467736,0.333,0.627
s1_embed_dw50_aw5,embed_distill,s1,19.0,4.1243561619902405,0.18475894068902038,0.004007503420576143,0.7478444120706264,0.0,0.0,0.0,0.0,0.43259916977531915,0.33,0.62
s1_embed_dw50_aw5,embed_distill,s1,20.0,4.068037934278491,0.1711362274928564,0.003913482257683134,0.740245517349739,0.0,0.0,0.0,0.0,0.433297486050636,0.335,0.631
s1_embed_dw50_aw5,embed_distill,s1,21.0,4.030639820330271,0.1711328834798865,0.0038247388223447616,0.7336539988707835,0.0,0.0,0.0,0.0,0.4366595273185752,0.338,0.633
s1_embed_dw50_aw5,embed_distill,s1,22.0,3.987385834110465,0.1653569877806218,0.0037563292453294712,0.7268424758258271,0.0,0.0,0.0,0.0,0.4410458055326014,0.34,0.636
s1_embed_dw50_aw5,embed_distill,s1,23.0,3.946540984991725,0.15922433399374192,0.003676229396244217,0.72070103852753,0.0,0.0,0.0,0.0,0.4399938416282756,0.341,0.633
s1_embed_dw50_aw5,embed_distill,s1,24.0,3.9082955384378417,0.1557119549340867,0.0036007085237232403,0.7145096309470139,0.0,0.0,0.0,0.0,0.4468481624289695,0.347,0.641
s1_embed_dw50_aw5,embed_distill,s1,25.0,3.8769516180458266,0.1556456608300709,0.0035398528028273086,0.7088626629351743,0.0,0.0,0.0,0.0,0.44447684709110385,0.348,0.635
s1_embed_dw50_aw5,embed_distill,s1,26.0,3.834554999498602,0.14779596910061416,0.0034715639499130705,0.7026361666064536,0.0,0.0,0.0,0.0,0.44132883729553873,0.338,0.639
s1_embed_dw50_aw5,embed_distill,s1,27.0,3.798605216851061,0.1426619301958452,0.0033895944352495765,0.6972927115405659,0.0,0.0,0.0,0.0,0.45051362595786687,0.354,0.631
s1_embed_dw50_aw5,embed_distill,s1,28.0,3.7640637471316385,0.13677385086242103,0.0033213683602559916,0.6922442960573855,0.0,0.0,0.0,0.0,0.44315916333308697,0.341,0.644
s1_embed_dw50_aw5,embed_distill,s1,29.0,3.7367537591858175,0.13571112631356902,0.0032895030812933345,0.6873134957235856,0.0,0.0,0.0,0.0,0.44879993338244095,0.348,0.641
s1_embed_dw50_aw5,embed_distill,s1,30.0,3.704003178267586,0.13361261823445403,0.003215211380250507,0.6819259977836543,0.0,0.0,0.0,0.0,0.4521506734548756,0.357,0.654
s1_hnp_dw100_pw10,hard_neg_pair,s1,1.0,6.040507976062583,0.43092627609003353,0.006393904871173345,0.0,0.49701911743013655,0.0,0.0,0.0,0.36549741886530873,0.268,0.551
s1_hnp_dw100_pw10,hard_neg_pair,s1,2.0,5.877348356065139,0.38067752902801155,0.005767913512640231,0.0,0.49198794679997077,0.0,0.0,0.0,0.36829668307617225,0.268,0.55
s1_hnp_dw100_pw10,hard_neg_pair,s1,3.0,5.7973226955486545,0.3522283820438633,0.005465226017093637,0.0,0.4898571696913635,0.0,0.0,0.0,0.38824066527659556,0.295,0.562
s1_hnp_dw100_pw10,hard_neg_pair,s1,4.0,5.732513651690822,0.32596809001223054,0.005221619031051467,0.0,0.488438365002852,0.0,0.0,0.0,0.3943534650030177,0.303,0.569
s1_hnp_dw100_pw10,hard_neg_pair,s1,5.0,5.66655515674082,0.30082271527014737,0.005016876836557529,0.0,0.48640447679384125,0.0,0.0,0.0,0.38709780932613796,0.291,0.572
s1_hnp_dw100_pw10,hard_neg_pair,s1,6.0,5.622506890387841,0.2834621110940723,0.004826711782091257,0.0,0.4856373599021852,0.0,0.0,0.0,0.38844749113627275,0.292,0.574
s1_hnp_dw100_pw10,hard_neg_pair,s1,7.0,5.581045500327231,0.2719539975427879,0.00467482184792709,0.0,0.4841609318810071,0.0,0.0,0.0,0.3969241458000376,0.307,0.57
s1_hnp_dw100_pw10,hard_neg_pair,s1,8.0,5.553768177792765,0.2625832301427318,0.004555927845770477,0.0,0.48355921534772967,0.0,0.0,0.0,0.39916272062273267,0.305,0.581
s1_hnp_dw100_pw10,hard_neg_pair,s1,9.0,5.502080270281284,0.24575864034260994,0.004412501050075403,0.0,0.48150715252555637,0.0,0.0,0.0,0.4046472632026314,0.31,0.584
s1_hnp_dw100_pw10,hard_neg_pair,s1,10.0,5.463283043800235,0.22825380268166134,0.004244566933805546,0.0,0.48105725418756906,0.0,0.0,0.0,0.40904700396134536,0.315,0.586
s1_hnp_dw100_pw10,hard_neg_pair,s1,11.0,5.4542479316737875,0.22432397455751793,0.004167840247925377,0.0,0.4813139944287272,0.0,0.0,0.0,0.4067058571801166,0.31,0.597
s1_hnp_dw100_pw10,hard_neg_pair,s1,12.0,5.434579360009892,0.21570095546427384,0.004071642673756779,0.0,0.4811714153149306,0.0,0.0,0.0,0.414945707765656,0.321,0.587
s1_hnp_dw100_pw10,hard_neg_pair,s1,13.0,5.402352609088971,0.20399577719396694,0.003973315817754283,0.0,0.48010252429046496,0.0,0.0,0.0,0.42309482776335106,0.331,0.607
s1_hnp_dw100_pw10,hard_neg_pair,s1,14.0,5.370370843381568,0.1939121532274904,0.0038706812550809294,0.0,0.4789390566030863,0.0,0.0,0.0,0.42305125082471884,0.328,0.61
s1_hnp_dw100_pw10,hard_neg_pair,s1,15.0,5.358621293172059,0.1922540357610795,0.00379101366112961,0.0,0.4787265886157183,0.0,0.0,0.0,0.4167959751905187,0.319,0.6
s1_hnp_dw100_pw10,hard_neg_pair,s1,16.0,5.333284016911657,0.1818572917898255,0.0037082300966918675,0.0,0.4780603718509707,0.0,0.0,0.0,0.42774411095595327,0.338,0.612
s1_hnp_dw100_pw10,hard_neg_pair,s1,17.0,5.325879552335425,0.18176702032288605,0.0036433128146955056,0.0,0.47797812389748967,0.0,0.0,0.0,0.4266151067356027,0.331,0.616
s1_hnp_dw100_pw10,hard_neg_pair,s1,18.0,5.301128483314448,0.17406178642212827,0.0035504687273232474,0.0,0.4772019829969059,0.0,0.0,0.0,0.43063021959919756,0.336,0.604
s1_hnp_dw100_pw10,hard_neg_pair,s1,19.0,5.294002439574931,0.16903705638631583,0.003495756131992312,0.0,0.47753897526235267,0.0,0.0,0.0,0.4251452801327207,0.329,0.615
s1_hnp_dw100_pw10,hard_neg_pair,s1,20.0,5.277763406366781,0.16330006056218255,0.0034145118121503234,0.0,0.4773012149168672,0.0,0.0,0.0,0.43051404328851356,0.33,0.632
s1_hnp_dw100_pw10,hard_neg_pair,s1,21.0,5.2588289647623,0.16078550513814394,0.0033543568130330777,0.0,0.4762607764846531,0.0,0.0,0.0,0.4292157825654883,0.334,0.621
s1_hnp_dw100_pw10,hard_neg_pair,s1,22.0,5.252607800931616,0.15608009355113658,0.003303606749513869,0.0,0.4766167027285029,0.0,0.0,0.0,0.4324399621708377,0.334,0.622
s1_hnp_dw100_pw10,hard_neg_pair,s1,23.0,5.234267881052952,0.15264086772653837,0.003241247189210234,0.0,0.4757502279930346,0.0,0.0,0.0,0.4348727324103495,0.342,0.629
s1_hnp_dw100_pw10,hard_neg_pair,s1,24.0,5.223607092217722,0.1488096844824596,0.003193255916215234,0.0,0.47554718125837514,0.0,0.0,0.0,0.4384178889438002,0.343,0.624
s1_hnp_dw100_pw10,hard_neg_pair,s1,25.0,5.211006726507917,0.14766420564732063,0.0031413711414573975,0.0,0.47492053996339,0.0,0.0,0.0,0.43310022539634796,0.338,0.618
s1_hnp_dw100_pw10,hard_neg_pair,s1,26.0,5.196981191221928,0.14332837211145685,0.003089570364086813,0.0,0.47446957814218266,0.0,0.0,0.0,0.442579060838944,0.347,0.63
s1_hnp_dw100_pw10,hard_neg_pair,s1,27.0,5.185846774169023,0.13870429799632142,0.0030412641023019366,0.0,0.47430160569359564,0.0,0.0,0.0,0.44237292367614495,0.345,0.624
s1_hnp_dw100_pw10,hard_neg_pair,s1,28.0,5.181364009863789,0.13647028000660538,0.002999893731423097,0.0,0.47449043418960307,0.0,0.0,0.0,0.45292763935477315,0.361,0.626
s1_hnp_dw100_pw10,hard_neg_pair,s1,29.0,5.172166302877654,0.13407473863333308,0.002961271484438943,0.0,0.4741964397541985,0.0,0.0,0.0,0.44820591821384154,0.352,0.639
s1_hnp_dw100_pw10,hard_neg_pair,s1,30.0,5.1557993516971585,0.13228723998189593,0.0028935379919271587,0.0,0.47341583134603255,0.0,0.0,0.0,0.45463308946474223,0.363,0.632
s1_hnp_dw50_pw1,hard_neg_pair,s1,1.0,1.2508452059491255,0.41539627569283727,0.006709984079184111,0.0,0.4999497202281522,0.0,0.0,0.0,0.3634417389380874,0.271,0.547
s1_hnp_dw50_pw1,hard_neg_pair,s1,2.0,1.160628505554728,0.35480936452668915,0.006192970700542632,0.0,0.49617060543759445,0.0,0.0,0.0,0.3590043172038367,0.26,0.544
s1_hnp_dw50_pw1,hard_neg_pair,s1,3.0,1.1126981363139492,0.3199203777767757,0.005958046162891585,0.0,0.4948754490351553,0.0,0.0,0.0,0.3761009679321866,0.281,0.552
s1_hnp_dw50_pw1,hard_neg_pair,s1,4.0,1.0738975558578452,0.2917717880790527,0.00575992482128445,0.0,0.49412952448714337,0.0,0.0,0.0,0.37658192284901343,0.285,0.554
s1_hnp_dw50_pw1,hard_neg_pair,s1,5.0,1.0341821145556829,0.2618784949545017,0.00559179374844843,0.0,0.49271393080517983,0.0,0.0,0.0,0.37707729389926953,0.285,0.55
s1_hnp_dw50_pw1,hard_neg_pair,s1,6.0,1.0077283868963218,0.24352382255824642,0.00543234074985418,0.0,0.49258752324758825,0.0,0.0,0.0,0.37496699968838026,0.281,0.555
s1_hnp_dw50_pw1,hard_neg_pair,s1,7.0,0.986634919093841,0.23008575896043298,0.005302660530384636,0.0,0.4914161291238134,0.0,0.0,0.0,0.38147098025342036,0.292,0.56
s1_hnp_dw50_pw1,hard_neg_pair,s1,8.0,0.9695185029320742,0.21849358640288355,0.0051981999790634914,0.0,0.49111491607008195,0.0,0.0,0.0,0.37646219233221573,0.282,0.567
s1_hnp_dw50_pw1,hard_neg_pair,s1,9.0,0.9441304589061638,0.20096845846732939,0.005074982433717058,0.0,0.48941287677250866,0.0,0.0,0.0,0.38798717408130884,0.29,0.561
s1_hnp_dw50_pw1,hard_neg_pair,s1,10.0,0.9167507626568218,0.1823884186688391,0.004899517946151865,0.0,0.48938644536653053,0.0,0.0,0.0,0.39011845185580324,0.298,0.571
s1_hnp_dw50_pw1,hard_neg_pair,s1,11.0,0.9087839261911151,0.17724132296375839,0.004833346125839255,0.0,0.4898752979740526,0.0,0.0,0.0,0.3924982943353107,0.298,0.577
s1_hnp_dw50_pw1,hard_neg_pair,s1,12.0,0.8970639114776559,0.16918058063273206,0.004754286461172422,0.0,0.4901690084868122,0.0,0.0,0.0,0.3943325247916941,0.304,0.577
s1_hnp_dw50_pw1,hard_neg_pair,s1,13.0,0.8766985082130498,0.15550574765539046,0.004641807496069932,0.0,0.4891023857444783,0.0,0.0,0.0,0.4027021745059594,0.311,0.585
s1_hnp_dw50_pw1,hard_neg_pair,s1,14.0,0.8603581429767443,0.1451825244574964,0.004538088470803932,0.0,0.48827119551250386,0.0,0.0,0.0,0.39994400929947266,0.306,0.585
s1_hnp_dw50_pw1,hard_neg_pair,s1,15.0,0.8547443248576887,0.1432987803680438,0.00446648526883505,0.0,0.488121280120605,0.0,0.0,0.0,0.39879943336939744,0.302,0.577
s1_hnp_dw50_pw1,hard_neg_pair,s1,16.0,0.8393662942757433,0.13288133603034855,0.004378885968525343,0.0,0.48754066063585066,0.0,0.0,0.0,0.40838287997783096,0.317,0.592
s1_hnp_dw50_pw1,hard_neg_pair,s1,17.0,0.835910522545231,0.13243030272488784,0.004319930123891585,0.0,0.4874837141309702,0.0,0.0,0.0,0.41107576295258685,0.317,0.597
s1_hnp_dw50_pw1,hard_neg_pair,s1,18.0,0.824022733875949,0.1261615978821828,0.004220814381579205,0.0,0.4868204174256614,0.0,0.0,0.0,0.41008522275105985,0.314,0.585
s1_hnp_dw50_pw1,hard_neg_pair,s1,19.0,0.8153937228630899,0.11967775561044597,0.004165495496462753,0.0,0.48744119365459093,0.0,0.0,0.0,0.4053169501084056,0.31,0.594
s1_hnp_dw50_pw1,hard_neg_pair,s1,20.0,0.8061985332176632,0.11449294352009763,0.004087093352796945,0.0,0.48735092360803944,0.0,0.0,0.0,0.4110191777764296,0.314,0.6
s1_hnp_dw50_pw1,hard_neg_pair,s1,21.0,0.7984250189939859,0.111740538585718,0.004009544026216353,0.0,0.4862072795267948,0.0,0.0,0.0,0.41308136254980266,0.321,0.6
s1_hnp_dw50_pw1,hard_neg_pair,s1,22.0,0.7902582445838836,0.10583393367094535,0.003954362210961288,0.0,0.4867061998959844,0.0,0.0,0.0,0.4170869024193073,0.329,0.594
s1_hnp_dw50_pw1,hard_neg_pair,s1,23.0,0.784023838811772,0.10322639971093454,0.00389885827309841,0.0,0.48585452565493986,0.0,0.0,0.0,0.41620154818123456,0.324,0.607
s1_hnp_dw50_pw1,hard_neg_pair,s1,24.0,0.7765265900506098,0.09888304697682168,0.003837277366258398,0.0,0.4857796748238172,0.0,0.0,0.0,0.41802249956233234,0.324,0.602
s1_hnp_dw50_pw1,hard_neg_pair,s1,25.0,0.7740359232991779,0.09961991456290464,0.0037862786811742564,0.0,0.4851020732103642,0.0,0.0,0.0,0.4145004682777411,0.317,0.6
s1_hnp_dw50_pw1,hard_neg_pair,s1,26.0,0.765181371409517,0.09423002252029174,0.0037225527370887673,0.0,0.4848237114617895,0.0,0.0,0.0,0.4257460501268822,0.336,0.61
s1_hnp_dw50_pw1,hard_neg_pair,s1,27.0,0.7582537991541923,0.09028417963463574,0.0036665392556168024,0.0,0.48464265713658655,0.0,0.0,0.0,0.4215129641481418,0.328,0.609
s1_hnp_dw50_pw1,hard_neg_pair,s1,28.0,0.7542817329203442,0.08864500605383407,0.0036191065687576447,0.0,0.4846813962302547,0.0,0.0,0.0,0.42122353579611,0.326,0.595
s1_hnp_dw50_pw1,hard_neg_pair,s1,29.0,0.7469854253623474,0.0839693833810747,0.0035712813459775786,0.0,0.4844519757831944,0.0,0.0,0.0,0.42723731442940177,0.332,0.616
s1_hnp_dw50_pw1,hard_neg_pair,s1,30.0,0.7413179169907727,0.08291351440422354,0.003494018203364217,0.0,0.48370349278069863,0.0,0.0,0.0,0.43156047078293275,0.339,0.616
s1_hnp_dw50_pw10,hard_neg_pair,s1,1.0,5.734998383183207,0.43055124735811556,0.006574127093551477,0.0,0.4975740777867712,0.0,0.0,0.0,0.36262276963932805,0.265,0.55
s1_hnp_dw50_pw10,hard_neg_pair,s1,2.0,5.606125341544325,0.37846945864075804,0.005999317396742064,0.0,0.4927690007451089,0.0,0.0,0.0,0.3649788193544921,0.268,0.544
s1_hnp_dw50_pw10,hard_neg_pair,s1,3.0,5.5419561825757215,0.3487119555370027,0.005717709806604082,0.0,0.4907358729859985,0.0,0.0,0.0,0.38249484563547864,0.29,0.562
s1_hnp_dw50_pw10,hard_neg_pair,s1,4.0,5.491354995211861,0.3229938013353216,0.005491016795810318,0.0,0.48938103575433767,0.0,0.0,0.0,0.38402468084305963,0.291,0.558
s1_hnp_dw50_pw10,hard_neg_pair,s1,5.0,5.436839446657865,0.29733013995701973,0.005302394384379455,0.0,0.48743895817050903,0.0,0.0,0.0,0.38014227884108936,0.283,0.565
s1_hnp_dw50_pw10,hard_neg_pair,s1,6.0,5.403889038740452,0.2804923100813423,0.005122773954564095,0.0,0.48672580347110744,0.0,0.0,0.0,0.38314213763144983,0.292,0.564
s1_hnp_dw50_pw10,hard_neg_pair,s1,7.0,5.371579874326286,0.2693859524314697,0.004978955197559615,0.0,0.48532461820483414,0.0,0.0,0.0,0.3892010215365438,0.301,0.56
s1_hnp_dw50_pw10,hard_neg_pair,s1,8.0,5.351329935692005,0.2603427074604266,0.00487581770778335,0.0,0.4847196349341493,0.0,0.0,0.0,0.3919083628504518,0.298,0.569
s1_hnp_dw50_pw10,hard_neg_pair,s1,9.0,5.306768199186805,0.2430449493061525,0.004734189749132048,0.0,0.4827013785855609,0.0,0.0,0.0,0.398168802587801,0.305,0.57
s1_hnp_dw50_pw10,hard_neg_pair,s1,10.0,5.277002057748196,0.22600295893731728,0.004568547010825272,0.0,0.48225717445386757,0.0,0.0,0.0,0.3972094645526736,0.302,0.578
s1_hnp_dw50_pw10,hard_neg_pair,s1,11.0,5.2719383537252815,0.22236359918060708,0.004493892918368301,0.0,0.48248800919415424,0.0,0.0,0.0,0.40118043317046964,0.306,0.586
s1_hnp_dw50_pw10,hard_neg_pair,s1,12.0,5.25821238126044,0.21393202417618892,0.004405314562377396,0.0,0.4824014628367366,0.0,0.0,0.0,0.40457096321364755,0.314,0.58
s1_hnp_dw50_pw10,hard_neg_pair,s1,13.0,5.231092721585385,0.202511018493973,0.004307751709666342,0.0,0.4813194120467432,0.0,0.0,0.0,0.414777719296857,0.324,0.6
s1_hnp_dw50_pw10,hard_neg_pair,s1,14.0,5.204174533460541,0.19250134762176402,0.004207126026330725,0.0,0.4801316886262216,0.0,0.0,0.0,0.41305562982378735,0.32,0.599
s1_hnp_dw50_pw10,hard_neg_pair,s1,15.0,5.196753536601207,0.1906976591879615,0.004127018232757235,0.0,0.47997049654170587,0.0,0.0,0.0,0.41122864948766347,0.319,0.59
s1_hnp_dw50_pw10,hard_neg_pair,s1,16.0,5.175405856848176,0.1802219986347433,0.004048613634483446,0.0,0.4792753185825083,0.0,0.0,0.0,0.4198228912960863,0.331,0.599
s1_hnp_dw50_pw10,hard_neg_pair,s1,17.0,5.171971675634797,0.1801969126202618,0.003985587969515957,0.0,0.479249536732867,0.0,0.0,0.0,0.4230733163978308,0.33,0.6
s1_hnp_dw50_pw10,hard_neg_pair,s1,18.0,5.151686688229777,0.17322996642886043,0.0038903251147475513,0.0,0.478394047691256,0.0,0.0,0.0,0.42151466233953977,0.326,0.597
s1_hnp_dw50_pw10,hard_neg_pair,s1,19.0,5.146949559811703,0.16762301145021383,0.0038385874469904955,0.0,0.47873971811406946,0.0,0.0,0.0,0.41493756491066974,0.322,0.6
s1_hnp_dw50_pw10,hard_neg_pair,s1,20.0,5.135601551941817,0.1623650850660363,0.003758151607549196,0.0,0.4785328884988352,0.0,0.0,0.0,0.4232552395502516,0.327,0.61
s1_hnp_dw50_pw10,hard_neg_pair,s1,21.0,5.1190047859112555,0.1595714369811363,0.0036969497215577386,0.0,0.47745858801712815,0.0,0.0,0.0,0.4223063014852412,0.328,0.605
s1_hnp_dw50_pw10,hard_neg_pair,s1,22.0,5.115783949245406,0.1551611127018722,0.003645549947960848,0.0,0.47783453377735263,0.0,0.0,0.0,0.4212848344995649,0.325,0.603
s1_hnp_dw50_pw10,hard_neg_pair,s1,23.0,5.099643087469726,0.1513729038449776,0.0035811308920673988,0.0,0.47692136252153683,0.0,0.0,0.0,0.42521475453117535,0.333,0.61
s1_hnp_dw50_pw10,hard_neg_pair,s1,24.0,5.090630258596542,0.1471864848980354,0.0035337521000547364,0.0,0.47667561639326284,0.0,0.0,0.0,0.4296123926336744,0.333,0.61
s1_hnp_dw50_pw10,hard_neg_pair,s1,25.0,5.0813056112781965,0.14648126796585229,0.003484038039283307,0.0,0.4760622432781464,0.0,0.0,0.0,0.4285800562667006,0.337,0.605
s1_hnp_dw50_pw10,hard_neg_pair,s1,26.0,5.07020580417362,0.1422466001113428,0.003428972372623803,0.0,0.4756510589316978,0.0,0.0,0.0,0.4326964152571324,0.342,0.613
s1_hnp_dw50_pw10,hard_neg_pair,s1,27.0,5.061596555561086,0.13761622802817636,0.0033814088115387917,0.0,0.47549098848883364,0.0,0.0,0.0,0.42939658236427597,0.333,0.617
s1_hnp_dw50_pw10,hard_neg_pair,s1,28.0,5.058759988490589,0.13574915766018722,0.003337204018107372,0.0,0.4756150623231455,0.0,0.0,0.0,0.4370820135775,0.344,0.621
s1_hnp_dw50_pw10,hard_neg_pair,s1,29.0,5.050223367053054,0.13253737289452058,0.0032946958079081885,0.0,0.4752951219445498,0.0,0.0,0.0,0.43889660395836044,0.345,0.627
s1_hnp_dw50_pw10,hard_neg_pair,s1,30.0,5.03665183941661,0.13045920805434214,0.003226481744473997,0.0,0.4744868539338302,0.0,0.0,0.0,0.44325411458356007,0.351,0.619
s1_hnp_dw50_pw5,hard_neg_pair,s1,1.0,3.244965834675463,0.4223468830386109,0.006608115811791897,0.0,0.4984426328999538,0.0,0.0,0.0,0.36445906484625107,0.271,0.549
s1_hnp_dw50_pw5,hard_neg_pair,s1,2.0,3.1387188339563963,0.36638207511534104,0.006049323626882696,0.0,0.49397411389821944,0.0,0.0,0.0,0.36138296547841414,0.262,0.548
s1_hnp_dw50_pw5,hard_neg_pair,s1,3.0,3.084001371724147,0.3340194156228773,0.005781819562926449,0.0,0.4921781957356107,0.0,0.0,0.0,0.37947230402999627,0.286,0.556
s1_hnp_dw50_pw5,hard_neg_pair,s1,4.0,3.0403565149786567,0.30721811805585436,0.005561695656895741,0.0,0.4910107221409188,0.0,0.0,0.0,0.3818729938693897,0.289,0.561
s1_hnp_dw50_pw5,hard_neg_pair,s1,5.0,2.9945894320668134,0.27964111996017255,0.005377599961435877,0.0,0.48921366183142106,0.0,0.0,0.0,0.38139597167037187,0.287,0.561
s1_hnp_dw50_pw5,hard_neg_pair,s1,6.0,2.965789093715066,0.26228278584817044,0.005202419369883409,0.0,0.4886770681244042,0.0,0.0,0.0,0.3779850926912219,0.283,0.56
s1_hnp_dw50_pw5,hard_neg_pair,s1,7.0,2.9396782508136083,0.2500097623524261,0.005061248225358475,0.0,0.48732121539281187,0.0,0.0,0.0,0.3855426320169659,0.297,0.561
s1_hnp_dw50_pw5,hard_neg_pair,s1,8.0,2.9217433561691997,0.2399877448480712,0.0049543482851902056,0.0,0.48680764131984017,0.0,0.0,0.0,0.38485960439503025,0.29,0.57
s1_hnp_dw50_pw5,hard_neg_pair,s1,9.0,2.8873831527485176,0.22235524760271896,0.00481645430823985,0.0,0.48484103709614257,0.0,0.0,0.0,0.39281397145913016,0.296,0.567
s1_hnp_dw50_pw5,hard_neg_pair,s1,10.0,2.8597751940556995,0.20507692327429144,0.004643396132236647,0.0,0.48450569072463895,0.0,0.0,0.0,0.3922259587583056,0.297,0.573
s1_hnp_dw50_pw5,hard_neg_pair,s1,11.0,2.8533081776967704,0.20075305216208075,0.00457102015769461,0.0,0.48480082374305,0.0,0.0,0.0,0.398518377228199,0.304,0.583
s1_hnp_dw50_pw5,hard_neg_pair,s1,12.0,2.840611157838765,0.19251652531958535,0.004481963171305674,0.0,0.4847992946824746,0.0,0.0,0.0,0.398495164686213,0.309,0.579
s1_hnp_dw50_pw5,hard_neg_pair,s1,13.0,2.8176154582091386,0.18027000820047934,0.004376550771593014,0.0,0.48370358192941343,0.0,0.0,0.0,0.4105761202124707,0.319,0.599
s1_hnp_dw50_pw5,hard_neg_pair,s1,14.0,2.796879184514646,0.17029087800061268,0.004272105377667828,0.0,0.48259660679091615,0.0,0.0,0.0,0.40881944717438856,0.315,0.592
s1_hnp_dw50_pw5,hard_neg_pair,s1,15.0,2.790600246531918,0.1686467264796667,0.004196040893612717,0.0,0.4824302958863653,0.0,0.0,0.0,0.4056273472932135,0.311,0.589
s1_hnp_dw50_pw5,hard_neg_pair,s1,16.0,2.7723596170415497,0.15819903788523204,0.004110647109619615,0.0,0.4817256447657349,0.0,0.0,0.0,0.41815487667257295,0.329,0.597
s1_hnp_dw50_pw5,hard_neg_pair,s1,17.0,2.7688957533348786,0.15792449160222372,0.0040505255271472435,0.0,0.48168899818764194,0.0,0.0,0.0,0.4178127000192322,0.324,0.599
s1_hnp_dw50_pw5,hard_neg_pair,s1,18.0,2.75338274808649,0.15138072658659474,0.003951538885189817,0.0,0.48088501365387254,0.0,0.0,0.0,0.4201465196577664,0.328,0.589
s1_hnp_dw50_pw5,hard_neg_pair,s1,19.0,2.746933441228222,0.14552719012367663,0.003897910789978824,0.0,0.4813021427114047,0.0,0.0,0.0,0.4116700815732665,0.317,0.601
s1_hnp_dw50_pw5,hard_neg_pair,s1,20.0,2.7367164183737294,0.14033740447701779,0.0038173598946722636,0.0,0.4811022036306986,0.0,0.0,0.0,0.4174751497961002,0.319,0.609
s1_hnp_dw50_pw5,hard_neg_pair,s1,21.0,2.7249911174410553,0.1376927546201277,0.003748062146227142,0.0,0.47997905104784244,0.0,0.0,0.0,0.4191937362460125,0.326,0.603
s1_hnp_dw50_pw5,hard_neg_pair,s1,22.0,2.719394137169294,0.1326719737923228,0.0036961255991343972,0.0,0.48038317565281635,0.0,0.0,0.0,0.4202480814722878,0.324,0.602
s1_hnp_dw50_pw5,hard_neg_pair,s1,23.0,2.7085945602099653,0.12944496404928393,0.0036341240310773537,0.0,0.4794886781603253,0.0,0.0,0.0,0.4237253672111459,0.333,0.603
s1_hnp_dw50_pw5,hard_neg_pair,s1,24.0,2.700378116743197,0.12526148085706776,0.003577471727285812,0.0,0.4792486099684466,0.0,0.0,0.0,0.42719608761025063,0.331,0.609
s1_hnp_dw50_pw5,hard_neg_pair,s1,25.0,2.6948530450850674,0.12521551687599675,0.003530445743507126,0.0,0.4786230476518231,0.0,0.0,0.0,0.42279486491719975,0.328,0.601
s1_hnp_dw50_pw5,hard_neg_pair,s1,26.0,2.6853501594252562,0.120567960248198,0.0034713275025258132,0.0,0.4782431644211609,0.0,0.0,0.0,0.43084084004951084,0.34,0.612
s1_hnp_dw50_pw5,hard_neg_pair,s1,27.0,2.6776704110553813,0.11634972370657391,0.0034204578625144796,0.0,0.478059558407686,0.0,0.0,0.0,0.4274391419330407,0.332,0.618
s1_hnp_dw50_pw5,hard_neg_pair,s1,28.0,2.674059027402405,0.11468143002541681,0.003373854753256257,0.0,0.4781369712571751,0.0,0.0,0.0,0.4315935821235713,0.336,0.61
s1_hnp_dw50_pw5,hard_neg_pair,s1,29.0,2.6664531842468104,0.1107640393640026,0.0033300000019339227,0.0,0.47783782721805407,0.0,0.0,0.0,0.43415385682028107,0.339,0.625
s1_hnp_dw50_pw5,hard_neg_pair,s1,30.0,2.657186991213926,0.10911395695170249,0.003258003908947136,0.0,0.4770345679085631,0.0,0.0,0.0,0.43846707264790347,0.345,0.618
s1_score_dw100,score_distill,s1,1.0,1.0612563483636548,0.41720305189516144,0.0064405329046089786,0.0,0.0,0.0,0.0,0.0,0.36660230052937215,0.271,0.548
s1_score_dw100,score_distill,s1,2.0,0.9437500072104059,0.3600525030127018,0.005836975001334576,0.0,0.0,0.0,0.0,0.0,0.365527034464889,0.265,0.55
s1_score_dw100,score_distill,s1,3.0,0.8823255739550864,0.32634387019395417,0.005559817008170553,0.0,0.0,0.0,0.0,0.0,0.3825233074916051,0.284,0.564
s1_score_dw100,score_distill,s1,4.0,0.8312267161634601,0.29798874200888276,0.005332379700354522,0.0,0.0,0.0,0.0,0.0,0.38836367600924415,0.296,0.568
s1_score_dw100,score_distill,s1,5.0,0.7829164240761067,0.2691791514822474,0.005137372703050978,0.0,0.0,0.0,0.0,0.0,0.37926975407294683,0.281,0.571
s1_score_dw100,score_distill,s1,6.0,0.7456083020882962,0.24975700366538361,0.004958512959598307,0.0,0.0,0.0,0.0,0.0,0.3844791696671532,0.288,0.571
s1_score_dw100,score_distill,s1,7.0,0.7165604066910736,0.23534239054475128,0.004812180150164682,0.0,0.0,0.0,0.0,0.0,0.3919060334460276,0.3,0.579
s1_score_dw100,score_distill,s1,8.0,0.6931049932743483,0.22374446606150533,0.004693605270046269,0.0,0.0,0.0,0.0,0.0,0.3920698317388261,0.3,0.581
s1_score_dw100,score_distill,s1,9.0,0.6625913699743446,0.20660633658360775,0.004559850346852268,0.0,0.0,0.0,0.0,0.0,0.4051253056004427,0.311,0.578
s1_score_dw100,score_distill,s1,10.0,0.626771706435668,0.187562853001071,0.0043920885522945085,0.0,0.0,0.0,0.0,0.0,0.40104327237045073,0.303,0.586
s1_score_dw100,score_distill,s1,11.0,0.6138064070012376,0.18213629780701995,0.00431670110666256,0.0,0.0,0.0,0.0,0.0,0.3990029365879679,0.301,0.585
s1_score_dw100,score_distill,s1,12.0,0.5965371480021154,0.17351508960515208,0.0042302205769645385,0.0,0.0,0.0,0.0,0.0,0.4100440644400358,0.319,0.583
s1_score_dw100,score_distill,s1,13.0,0.5721120497589508,0.15997194118500788,0.004121401095827412,0.0,0.0,0.0,0.0,0.0,0.41586070221265076,0.322,0.604
s1_score_dw100,score_distill,s1,14.0,0.5512084010568814,0.14943737307469807,0.0040177102866493794,0.0,0.0,0.0,0.0,0.0,0.4147413036438999,0.318,0.604
s1_score_dw100,score_distill,s1,15.0,0.542564146491849,0.14796448509294405,0.003945996622075577,0.0,0.0,0.0,0.0,0.0,0.4163282097244405,0.319,0.594
s1_score_dw100,score_distill,s1,16.0,0.5233088207513455,0.13736502990849717,0.0038594379121247207,0.0,0.0,0.0,0.0,0.0,0.42314341347049367,0.331,0.608
s1_score_dw100,score_distill,s1,17.0,0.5155273605157432,0.1364304245041241,0.0037909693551125517,0.0,0.0,0.0,0.0,0.0,0.42485123657632706,0.334,0.608
s1_score_dw100,score_distill,s1,18.0,0.4993160747676003,0.12923211016832645,0.003700839637647959,0.0,0.0,0.0,0.0,0.0,0.4269773517075865,0.337,0.607
s1_score_dw100,score_distill,s1,19.0,0.48810049912132053,0.12361267255538465,0.0036448782501157947,0.0,0.0,0.0,0.0,0.0,0.424516016393125,0.33,0.608
s1_score_dw100,score_distill,s1,20.0,0.4737898156795799,0.11740929685029454,0.003563805165711913,0.0,0.0,0.0,0.0,0.0,0.4281409732899966,0.329,0.624
s1_score_dw100,score_distill,s1,21.0,0.46532258474021065,0.1154839377075537,0.0034983864540728115,0.0,0.0,0.0,0.0,0.0,0.43108007338463605,0.343,0.616
s1_score_dw100,score_distill,s1,22.0,0.4531438450879406,0.1086876942700282,0.003444561489859347,0.0,0.0,0.0,0.0,0.0,0.432407479580348,0.338,0.615
s1_score_dw100,score_distill,s1,23.0,0.4454407188363464,0.10659357358538506,0.003388471434544933,0.0,0.0,0.0,0.0,0.0,0.42774183314269015,0.332,0.627
s1_score_dw100,score_distill,s1,24.0,0.4361641492752723,0.10274236782920422,0.0033342177956243993,0.0,0.0,0.0,0.0,0.0,0.4314363213393388,0.335,0.619
s1_score_dw100,score_distill,s1,25.0,0.4308414836276962,0.10257923968484951,0.0032826224204792,0.0,0.0,0.0,0.0,0.0,0.42712394649374547,0.331,0.613
s1_score_dw100,score_distill,s1,26.0,0.4203980630150701,0.09774565205068378,0.00322652409745758,0.0,0.0,0.0,0.0,0.0,0.444187998541381,0.354,0.629
s1_score_dw100,score_distill,s1,27.0,0.4109682380326699,0.09338895127861607,0.0031757928339031685,0.0,0.0,0.0,0.0,0.0,0.43713885591184254,0.341,0.622
s1_score_dw100,score_distill,s1,28.0,0.40403970967545666,0.09092348826277608,0.0031311621859611578,0.0,0.0,0.0,0.0,0.0,0.43737344033630077,0.341,0.619
s1_score_dw100,score_distill,s1,29.0,0.39675403307587476,0.08760106447354553,0.0030915296678487823,0.0,0.0,0.0,0.0,0.0,0.44367379627015213,0.346,0.632
s1_score_dw100,score_distill,s1,30.0,0.3889230138507625,0.08680350388330851,0.0030211950708794017,0.0,0.0,0.0,0.0,0.0,0.4464005838416208,0.352,0.629
s1_score_dw25,score_distill,s1,1.0,0.5901000739900037,0.4140580085007735,0.0070416825311823365,0.0,0.0,0.0,0.0,0.0,0.3597580481202934,0.268,0.54
s1_score_dw25,score_distill,s1,2.0,0.5164495340356381,0.3497502838020928,0.006667969955786727,0.0,0.0,0.0,0.0,0.0,0.3542859875772196,0.26,0.53
s1_score_dw25,score_distill,s1,3.0,0.476011733455096,0.313433182301513,0.0065031420178001224,0.0,0.0,0.0,0.0,0.0,0.3670115176664735,0.272,0.545
s1_score_dw25,score_distill,s1,4.0,0.44359980784421155,0.2845210292775255,0.006363151112387354,0.0,0.0,0.0,0.0,0.0,0.3690142387685722,0.279,0.542
s1_score_dw25,score_distill,s1,5.0,0.40889243117858054,0.252756055089382,0.00624545498313689,0.0,0.0,0.0,0.0,0.0,0.3654510427101753,0.27,0.539
s1_score_dw25,score_distill,s1,6.0,0.38781170818173494,0.23465200960377885,0.006126387892177965,0.0,0.0,0.0,0.0,0.0,0.3640378698652352,0.269,0.546
s1_score_dw25,score_distill,s1,7.0,0.3728345995914172,0.22156786945756635,0.006050669160418122,0.0,0.0,0.0,0.0,0.0,0.3692186220031816,0.28,0.558
s1_score_dw25,score_distill,s1,8.0,0.3581842672421986,0.20862868556710834,0.005982223231558473,0.0,0.0,0.0,0.0,0.0,0.3616455347605431,0.268,0.556
s1_score_dw25,score_distill,s1,9.0,0.3380382226027897,0.1910045218090664,0.005881347976773461,0.0,0.0,0.0,0.0,0.0,0.3681348566608923,0.27,0.544
s1_score_dw25,score_distill,s1,10.0,0.3144776773359788,0.17098255950692828,0.005739804668000139,0.0,0.0,0.0,0.0,0.0,0.37136931787368055,0.279,0.548
s1_score_dw25,score_distill,s1,11.0,0.3076342004682204,0.16530618839856864,0.0056931204315875394,0.0,0.0,0.0,0.0,0.0,0.37977890042424045,0.287,0.559
s1_score_dw25,score_distill,s1,12.0,0.2994860363430126,0.15807618671443888,0.005656393940529852,0.0,0.0,0.0,0.0,0.0,0.3762311364569078,0.282,0.556
s1_score_dw25,score_distill,s1,13.0,0.28136963499274165,0.1424745889461278,0.00555580174485851,0.0,0.0,0.0,0.0,0.0,0.38210388090419306,0.291,0.567
s1_score_dw25,score_distill,s1,14.0,0.26822016040828445,0.1313081130327292,0.005476481869552071,0.0,0.0,0.0,0.0,0.0,0.3852821889070665,0.291,0.568
s1_score_dw25,score_distill,s1,15.0,0.2648167000434634,0.12978051293260406,0.005401447440370065,0.0,0.0,0.0,0.0,0.0,0.3788570047667567,0.286,0.556
s1_score_dw25,score_distill,s1,16.0,0.25210251236912284,0.11848909867220467,0.005344536499664239,0.0,0.0,0.0,0.0,0.0,0.38892912452743733,0.3,0.557
s1_score_dw25,score_distill,s1,17.0,0.25200096286665424,0.11903524933386096,0.005318628498183586,0.0,0.0,0.0,0.0,0.0,0.3937659191429917,0.3,0.568
s1_score_dw25,score_distill,s1,18.0,0.24281018182144629,0.11246179554940716,0.005213935409980847,0.0,0.0,0.0,0.0,0.0,0.39145226418089046,0.298,0.572
s1_score_dw25,score_distill,s1,19.0,0.23372479568217822,0.1046427461178247,0.005163281955037982,0.0,0.0,0.0,0.0,0.0,0.3941015844666468,0.307,0.555
s1_score_dw25,score_distill,s1,20.0,0.22826737173198622,0.10078535683169006,0.005099280562213068,0.0,0.0,0.0,0.0,0.0,0.3960633685405068,0.308,0.57
s1_score_dw25,score_distill,s1,21.0,0.22247711296614575,0.09648974186884468,0.005039494823619233,0.0,0.0,0.0,0.0,0.0,0.3946930980992207,0.305,0.566
s1_score_dw25,score_distill,s1,22.0,0.21475286298855958,0.0904934227860418,0.004970377599223286,0.0,0.0,0.0,0.0,0.0,0.3919049598820375,0.299,0.561
s1_score_dw25,score_distill,s1,23.0,0.21101336392930722,0.08778892312541062,0.004928977628992273,0.0,0.0,0.0,0.0,0.0,0.4027694557956075,0.314,0.581
s1_score_dw25,score_distill,s1,24.0,0.2047212199280539,0.08271767468913176,0.0048801418102509386,0.0,0.0,0.0,0.0,0.0,0.4072291963115109,0.32,0.583
s1_score_dw25,score_distill,s1,25.0,0.20422882386572025,0.08370283926535314,0.004821039379156312,0.0,0.0,0.0,0.0,0.0,0.3945123078676838,0.3,0.566
s1_score_dw25,score_distill,s1,26.0,0.1967803280884513,0.07767740398826177,0.004764116964378819,0.0,0.0,0.0,0.0,0.0,0.40654298114878246,0.321,0.578
s1_score_dw25,score_distill,s1,27.0,0.19238530923216968,0.07489489139972878,0.004699616726048846,0.0,0.0,0.0,0.0,0.0,0.39850395734315,0.306,0.581
s1_score_dw25,score_distill,s1,28.0,0.1891084180650926,0.07259578489096419,0.004660505338199114,0.0,0.0,0.0,0.0,0.0,0.3943101726098284,0.303,0.569
s1_score_dw25,score_distill,s1,29.0,0.18297784270612164,0.06779975276053003,0.004607123595160437,0.0,0.0,0.0,0.0,0.0,0.4013410675813647,0.306,0.583
s1_score_dw50,score_distill,s1,1.0,0.7516639743975172,0.4138674927387948,0.00675592958310577,0.0,0.0,0.0,0.0,0.0,0.36402386546044224,0.272,0.545
s1_score_dw50,score_distill,s1,2.0,0.6649123764947135,0.35187954345856837,0.00626065660803942,0.0,0.0,0.0,0.0,0.0,0.3596821288874919,0.263,0.543
s1_score_dw50,score_distill,s1,3.0,0.6183727956417322,0.3163321266786891,0.006040813344041696,0.0,0.0,0.0,0.0,0.0,0.3763815766721295,0.281,0.552
s1_score_dw50,score_distill,s1,4.0,0.580442699908797,0.28769232415347207,0.005855007476433208,0.0,0.0,0.0,0.0,0.0,0.3762313628888496,0.285,0.556
s1_score_dw50,score_distill,s1,5.0,0.5418913763152045,0.2570676620165128,0.005696474225058558,0.0,0.0,0.0,0.0,0.0,0.37483754647862494,0.282,0.551
s1_score_dw50,score_distill,s1,6.0,0.5156791562947285,0.23831265888449638,0.0055473298851265035,0.0,0.0,0.0,0.0,0.0,0.37309511724024125,0.279,0.554
s1_score_dw50,score_distill,s1,7.0,0.49583106236193375,0.22450444640097833,0.005426532294330037,0.0,0.0,0.0,0.0,0.0,0.3771099898727215,0.286,0.559
s1_score_dw50,score_distill,s1,8.0,0.47863036146196997,0.21232674561725023,0.005326072282708239,0.0,0.0,0.0,0.0,0.0,0.3738076157461572,0.279,0.568
s1_score_dw50,score_distill,s1,9.0,0.45536705236914254,0.19478885418827446,0.005211563947153774,0.0,0.0,0.0,0.0,0.0,0.3840641159035504,0.285,0.557
s1_score_dw50,score_distill,s1,10.0,0.4276744655141384,0.1755371699997416,0.005042745880266099,0.0,0.0,0.0,0.0,0.0,0.38642081781783255,0.294,0.566
s1_score_dw50,score_distill,s1,11.0,0.41916707230399347,0.17012651281453914,0.004980811162446618,0.0,0.0,0.0,0.0,0.0,0.3922298575467796,0.3,0.573
s1_score_dw50,score_distill,s1,12.0,0.40764549173143544,0.16212623211937718,0.004910385179651362,0.0,0.0,0.0,0.0,0.0,0.3920430764912702,0.301,0.575
s1_score_dw50,score_distill,s1,13.0,0.38775003010623377,0.14783261837744424,0.004798348222744604,0.0,0.0,0.0,0.0,0.0,0.39842542119913593,0.307,0.579
s1_score_dw50,score_distill,s1,14.0,0.3722799617403301,0.13727029109538325,0.004700193409622361,0.0,0.0,0.0,0.0,0.0,0.39616355073320186,0.301,0.587
s1_score_dw50,score_distill,s1,15.0,0.3667522992170456,0.13526321877200848,0.004629781602460575,0.0,0.0,0.0,0.0,0.0,0.39454216939252174,0.298,0.571
s1_score_dw50,score_distill,s1,16.0,0.3519554933342611,0.12466636123184108,0.004545782630588453,0.0,0.0,0.0,0.0,0.0,0.40506628259624156,0.314,0.587
s1_score_dw50,score_distill,s1,17.0,0.3487824720154602,0.1243512726080583,0.004488623970586878,0.0,0.0,0.0,0.0,0.0,0.406661405629817,0.311,0.591
s1_score_dw50,score_distill,s1,18.0,0.3374980376384494,0.1179207531441539,0.004391545694534452,0.0,0.0,0.0,0.0,0.0,0.402858053868473,0.305,0.585
s1_score_dw50,score_distill,s1,19.0,0.3281083312305255,0.11124525636279603,0.004337261509201917,0.0,0.0,0.0,0.0,0.0,0.40460196826201467,0.311,0.585
s1_score_dw50,score_distill,s1,20.0,0.3190659781210964,0.10603462604473327,0.004260627050081871,0.0,0.0,0.0,0.0,0.0,0.4085928978903515,0.315,0.592
s1_score_dw50,score_distill,s1,21.0,0.31235718861403045,0.1031490749222722,0.004184162293026543,0.0,0.0,0.0,0.0,0.0,0.40988033453152056,0.319,0.596
s1_score_dw50,score_distill,s1,22.0,0.3031974244262358,0.0968040609038217,0.0041278672777439115,0.0,0.0,0.0,0.0,0.0,0.40867388049883996,0.316,0.588
s1_score_dw50,score_distill,s1,23.0,0.2979676604167634,0.0942033142580988,0.00407528692688567,0.0,0.0,0.0,0.0,0.0,0.41479615890291766,0.324,0.598
s1_score_dw50,score_distill,s1,24.0,0.2907681321302361,0.08991794357240923,0.004017003765894645,0.0,0.0,0.0,0.0,0.0,0.4186642084589915,0.33,0.595
s1_score_dw50,score_distill,s1,25.0,0.2889050930170294,0.09072645999284613,0.003963572666391188,0.0,0.0,0.0,0.0,0.0,0.41085644890564205,0.314,0.594
s1_score_dw50,score_distill,s1,26.0,0.28002941600681386,0.08503658113035936,0.0038998566884256938,0.0,0.0,0.0,0.0,0.0,0.4227403880328841,0.334,0.605
s1_score_dw50,score_distill,s1,27.0,0.27352105155974576,0.08134332815414388,0.003843554475569074,0.0,0.0,0.0,0.0,0.0,0.4166153776979117,0.323,0.606
s1_score_dw50,score_distill,s1,28.0,0.2692875521486719,0.07947137888901878,0.003796323443047922,0.0,0.0,0.0,0.0,0.0,0.41826151812908224,0.327,0.591
s1_score_dw50,score_distill,s1,29.0,0.26206165188003455,0.07467264065154194,0.0037477802080901233,0.0,0.0,0.0,0.0,0.0,0.4248999675406842,0.33,0.615
s1_score_dw50,score_distill,s1,30.0,0.2571950384917664,0.07367976777178059,0.003670305413140736,0.0,0.0,0.0,0.0,0.0,0.42478838040019334,0.329,0.614
s2_bimga_dw100_aw10_bs64,bimga,s2,1.0,19.002352641688454,0.7499174792319536,0.007480628972795482,1.7504372249046962,0.0,0.0,0.0,0.0,0.36205925159707464,0.273,0.525
s2_bimga_dw100_aw10_bs64,bimga,s2,2.0,16.518236229817074,0.7403719185127152,0.007652568721419407,1.501260737164153,0.0,0.0,0.0,0.0,0.35458552324004267,0.257,0.55
s2_bimga_dw100_aw10_bs64,bimga,s2,3.0,15.358574469884237,0.7188994536797205,0.007532558783875882,1.3886419129040506,0.0,0.0,0.0,0.0,0.36287669489711327,0.266,0.544
s2_bimga_dw100_aw10_bs64,bimga,s2,4.0,14.623003757662243,0.685128832132452,0.007306670255881424,1.3207207938863172,0.0,0.0,0.0,0.0,0.37271870825886616,0.272,0.565
s2_bimga_dw100_aw10_bs64,bimga,s2,5.0,14.120765384700563,0.6507822067166368,0.007032259894509075,1.2766757214234934,0.0,0.0,0.0,0.0,0.3755959187566529,0.273,0.573
s2_bimga_dw100_aw10_bs64,bimga,s2,6.0,13.702228801118004,0.6301176158918275,0.00674847495489909,1.2397263699935541,0.0,0.0,0.0,0.0,0.39016286713031556,0.292,0.581
s2_bimga_dw100_aw10_bs64,bimga,s2,7.0,13.386510180102455,0.6063586117492782,0.006484065293787151,1.2131745008130868,0.0,0.0,0.0,0.0,0.3962004887805083,0.296,0.581
s2_bimga_dw100_aw10_bs64,bimga,s2,8.0,13.0924927757846,0.5820538493701153,0.006256925501576107,1.1884746369388368,0.0,0.0,0.0,0.0,0.40046197648755694,0.299,0.587
s2_bimga_dw100_aw10_bs64,bimga,s2,9.0,12.856100231409073,0.5496674549455444,0.0060462081730495104,1.1701811961829662,0.0,0.0,0.0,0.0,0.4140641395288342,0.316,0.604
s2_bimga_dw100_aw10_bs64,bimga,s2,10.0,12.640827059745789,0.5281454083613224,0.005840809229994193,1.152860076063209,0.0,0.0,0.0,0.0,0.41457136045942244,0.316,0.597
s2_bimga_dw100_aw10_bs64,bimga,s2,11.0,12.433275090323555,0.5093555895404683,0.0056642764668342555,1.1357491856647863,0.0,0.0,0.0,0.0,0.42135345397343893,0.322,0.593
s2_bimga_dw100_aw10_bs64,bimga,s2,12.0,12.252183864514032,0.49591433422433007,0.005498525505471561,1.1206416943007045,0.0,0.0,0.0,0.0,0.4248639453703791,0.323,0.611
s2_bimga_dw100_aw10_bs64,bimga,s2,13.0,12.070332494046953,0.4807016661183702,0.005319540856160327,1.1057676735023658,0.0,0.0,0.0,0.0,0.4307892526333755,0.332,0.619
s2_bimga_dw100_aw10_bs64,bimga,s2,14.0,11.911425769329071,0.4562036505796843,0.0051693362410232015,1.0938288511501417,0.0,0.0,0.0,0.0,0.43024046852964487,0.331,0.625
s2_bimga_dw100_aw10_bs64,bimga,s2,15.0,11.776717626386219,0.449414116020004,0.005045020128212248,1.082280146992869,0.0,0.0,0.0,0.0,0.4354041231438838,0.339,0.634
s2_bimga_dw100_aw10_bs64,bimga,s2,16.0,11.63835600680775,0.42360346883328426,0.004894251265795901,1.07253273928331,0.0,0.0,0.0,0.0,0.43175430052734826,0.327,0.631
s2_bimga_dw100_aw10_bs64,bimga,s2,17.0,11.511595514085558,0.419800356340905,0.004779251719204088,1.0613869997776217,0.0,0.0,0.0,0.0,0.43965525926116494,0.337,0.63
s2_bimga_dw100_aw10_bs64,bimga,s2,18.0,11.391534838411543,0.39855441109587747,0.004680899178816212,1.0524890499396458,0.0,0.0,0.0,0.0,0.44211907974706444,0.339,0.641
s2_bimga_dw100_aw10_bs64,bimga,s2,19.0,11.272497107585272,0.3916543399811619,0.004565782434332909,1.0424264528685145,0.0,0.0,0.0,0.0,0.44148223504123246,0.335,0.639
s2_bimga_dw100_aw10_bs64,bimga,s2,20.0,11.157919655243555,0.378914593718946,0.004445873195234324,1.0334417749610212,0.0,0.0,0.0,0.0,0.447659680156593,0.345,0.638
s2_bimga_dw100_aw10_bs64,bimga,s2,21.0,11.056010560856926,0.3680352659171654,0.004356790515885223,1.0252296243690782,0.0,0.0,0.0,0.0,0.45103828813751984,0.353,0.638
s2_bimga_dw100_aw10_bs64,bimga,s2,22.0,10.952122827370962,0.35730491056003505,0.004266076661426471,1.0168210201793246,0.0,0.0,0.0,0.0,0.45542383622569943,0.355,0.635
s2_bimga_dw100_aw10_bs64,bimga,s2,23.0,10.86453703376982,0.34485455069483983,0.0041687234382455545,1.0102810189127922,0.0,0.0,0.0,0.0,0.4528850501357939,0.351,0.646
s2_bimga_dw100_aw10_bs64,bimga,s2,24.0,10.771202918556002,0.342226243370937,0.004094149834903267,1.0019561671134498,0.0,0.0,0.0,0.0,0.4610890527663711,0.363,0.641
s2_bimga_dw100_aw10_bs64,bimga,s2,25.0,10.680399633116192,0.33338043683518964,0.00400862257326177,0.9946156959566805,0.0,0.0,0.0,0.0,0.45878280544457556,0.356,0.647
s2_bimga_dw100_aw10_bs64,bimga,s2,26.0,10.605601264370812,0.3299820751676129,0.003924821821177223,0.988313702866435,0.0,0.0,0.0,0.0,0.4611467477439528,0.361,0.649
s2_bimga_dw100_aw10_bs64,bimga,s2,27.0,10.50411483976576,0.31839816085994244,0.0038444992638283614,0.9801266770809889,0.0,0.0,0.0,0.0,0.46160045495993407,0.361,0.646
s2_bimga_dw100_aw10_bs64,bimga,s2,28.0,10.438318438000149,0.3110112072382536,0.003786223962379154,0.9748684834274981,0.0,0.0,0.0,0.0,0.4651567448390505,0.361,0.652
s2_bimga_dw100_aw10_bs64,bimga,s2,29.0,10.364716009961235,0.30512473690840936,0.003714359148741803,0.9688155334442854,0.0,0.0,0.0,0.0,0.471156468197102,0.374,0.653
s2_bimga_dw100_aw10_bs64,bimga,s2,30.0,10.30280825164583,0.3025688423464696,0.00365341366381876,0.9634898015194469,0.0,0.0,0.0,0.0,0.463789064697914,0.362,0.652
s2_control_bs64,control,s2,1.0,0.5587544684401817,0.5587544684401817,0.0,0.0,0.0,0.0,0.0,0.0,0.35718480160444704,0.267,0.545
s2_control_bs64,control,s2,2.0,0.510194682671378,0.510194682671378,0.0,0.0,0.0,0.0,0.0,0.0,0.3649823820291614,0.275,0.539
s2_control_bs64,control,s2,3.0,0.47559325779891676,0.47559325779891676,0.0,0.0,0.0,0.0,0.0,0.0,0.3616254908092438,0.269,0.543
s2_control_bs64,control,s2,4.0,0.4343765507866111,0.4343765507866111,0.0,0.0,0.0,0.0,0.0,0.0,0.3628979677368571,0.269,0.545
s2_control_bs64,control,s2,5.0,0.4039177621921731,0.4039177621921731,0.0,0.0,0.0,0.0,0.0,0.0,0.3651276365529008,0.277,0.542
s2_control_bs64,control,s2,6.0,0.3753956332285371,0.3753956332285371,0.0,0.0,0.0,0.0,0.0,0.0,0.3623326493813176,0.272,0.538
s2_control_bs64,control,s2,7.0,0.34935589745226836,0.34935589745226836,0.0,0.0,0.0,0.0,0.0,0.0,0.3659758510642294,0.274,0.545
s2_control_bs64,control,s2,8.0,0.3316800854065352,0.3316800854065352,0.0,0.0,0.0,0.0,0.0,0.0,0.3711306007453998,0.282,0.547
s2_control_bs64,control,s2,9.0,0.30999000111801756,0.30999000111801756,0.0,0.0,0.0,0.0,0.0,0.0,0.37049079742331836,0.278,0.543
s2_control_bs64,control,s2,10.0,0.28767385452778804,0.28767385452778804,0.0,0.0,0.0,0.0,0.0,0.0,0.37227020477867023,0.278,0.552
s2_control_bs64,control,s2,11.0,0.2739096597975327,0.2739096597975327,0.0,0.0,0.0,0.0,0.0,0.0,0.3695847500300763,0.276,0.551
s2_control_bs64,control,s2,12.0,0.25548925374945003,0.25548925374945003,0.0,0.0,0.0,0.0,0.0,0.0,0.3744419933562433,0.286,0.541
s2_control_bs64,control,s2,13.0,0.241240785508934,0.241240785508934,0.0,0.0,0.0,0.0,0.0,0.0,0.37415382845993395,0.289,0.549
s2_control_bs64,control,s2,14.0,0.22487122498245704,0.22487122498245704,0.0,0.0,0.0,0.0,0.0,0.0,0.37099423469146414,0.285,0.542
s2_control_bs64,control,s2,15.0,0.212123096610109,0.212123096610109,0.0,0.0,0.0,0.0,0.0,0.0,0.37014699211323576,0.281,0.552
s2_control_bs64,control,s2,16.0,0.20052072778344154,0.20052072778344154,0.0,0.0,0.0,0.0,0.0,0.0,0.37272421534940486,0.279,0.552
s2_control_bs64,control,s2,17.0,0.18897719738177127,0.18897719738177127,0.0,0.0,0.0,0.0,0.0,0.0,0.3701069908022617,0.281,0.545
s2_embed_dw100_aw10_bs64,embed_distill,s2,1.0,13.967749118804932,0.7378084050077531,0.0070189560210565105,1.2528045111232333,0.0,0.0,0.0,0.0,0.35276229639385326,0.262,0.545
s2_embed_dw100_aw10_bs64,embed_distill,s2,2.0,12.344334370560116,0.7134209378725953,0.006770134659341743,1.0953899948961205,0.0,0.0,0.0,0.0,0.35298969615803694,0.261,0.56
s2_embed_dw100_aw10_bs64,embed_distill,s2,3.0,11.484448303778967,0.7003410329214401,0.006569190943587778,1.0127188207374678,0.0,0.0,0.0,0.0,0.36159369687489973,0.267,0.558
s2_embed_dw100_aw10_bs64,embed_distill,s2,4.0,10.916712952984703,0.6763292699017458,0.006359354237146262,0.9604448214587238,0.0,0.0,0.0,0.0,0.3625541380388465,0.258,0.566
s2_embed_dw100_aw10_bs64,embed_distill,s2,5.0,10.507299933168623,0.6487102823124992,0.006112783768912777,0.9247311281247271,0.0,0.0,0.0,0.0,0.3721129398996154,0.267,0.574
s2_embed_dw100_aw10_bs64,embed_distill,s2,6.0,10.19047122862604,0.6308245366025302,0.005892517163172468,0.8970395003755888,0.0,0.0,0.0,0.0,0.3735208541668202,0.269,0.578
s2_embed_dw100_aw10_bs64,embed_distill,s2,7.0,9.93306666943762,0.60702959034178,0.005674642245543914,0.8758572834647365,0.0,0.0,0.0,0.0,0.37707047583241377,0.271,0.579
s2_embed_dw100_aw10_bs64,embed_distill,s2,8.0,9.714849405818516,0.5833565310264627,0.005506844942121663,0.858080837254723,0.0,0.0,0.0,0.0,0.3878381715795353,0.286,0.583
s2_embed_dw100_aw10_bs64,embed_distill,s2,9.0,9.509960287147099,0.5482441454918848,0.00534277449737096,0.8427438729753097,0.0,0.0,0.0,0.0,0.39710038082648624,0.292,0.599
s2_embed_dw100_aw10_bs64,embed_distill,s2,10.0,9.341460519366795,0.5286628974394666,0.005180296556015189,0.8294767960906029,0.0,0.0,0.0,0.0,0.39810017513841967,0.289,0.595
s2_embed_dw100_aw10_bs64,embed_distill,s2,11.0,9.195795555909475,0.5107431886717677,0.005056084436041096,0.8179443935967154,0.0,0.0,0.0,0.0,0.3958568956778549,0.289,0.598
s2_embed_dw100_aw10_bs64,embed_distill,s2,12.0,9.056206888622707,0.4931435806987186,0.004942213983870008,0.8068841879980432,0.0,0.0,0.0,0.0,0.4099962944083941,0.306,0.614
s2_embed_dw100_aw10_bs64,embed_distill,s2,13.0,8.92475046051873,0.47870194498035645,0.004793198248888884,0.7966728711293803,0.0,0.0,0.0,0.0,0.4151208166729736,0.314,0.61
s2_embed_dw100_aw10_bs64,embed_distill,s2,14.0,8.797997461424934,0.45311876179443467,0.004686213551192648,0.7876257374882698,0.0,0.0,0.0,0.0,0.4136892049605169,0.31,0.614
s2_embed_dw100_aw10_bs64,embed_distill,s2,15.0,8.695005592372683,0.4431920110041069,0.004583754930839253,0.7793438132438395,0.0,0.0,0.0,0.0,0.4181582115465141,0.314,0.618
s2_embed_dw100_aw10_bs64,embed_distill,s2,16.0,8.576999525229136,0.42119779298081994,0.004468081342767821,0.7708993612064255,0.0,0.0,0.0,0.0,0.4227275946512985,0.316,0.62
s2_embed_dw100_aw10_bs64,embed_distill,s2,17.0,8.490203667018148,0.41264718683022594,0.004395583591960733,0.7637998126447201,0.0,0.0,0.0,0.0,0.42913313174468315,0.326,0.631
s2_embed_dw100_aw10_bs64,embed_distill,s2,18.0,8.388123570217026,0.39302973449230194,0.004311885422794148,0.7563905328926113,0.0,0.0,0.0,0.0,0.4301336319001865,0.328,0.634
s2_embed_dw100_aw10_bs64,embed_distill,s2,19.0,8.304996753732363,0.384401665120903,0.004224142662779842,0.7498180785526832,0.0,0.0,0.0,0.0,0.4317773972480033,0.328,0.628
s2_embed_dw100_aw10_bs64,embed_distill,s2,20.0,8.217262011435297,0.37287706866239506,0.0041285775854097055,0.7431527154727114,0.0,0.0,0.0,0.0,0.43114694889295185,0.325,0.641
s2_embed_dw100_aw10_bs64,embed_distill,s2,21.0,8.137276561723816,0.36230513520745766,0.004055560045041299,0.7369415406137705,0.0,0.0,0.0,0.0,0.4413552108991504,0.342,0.63
s2_embed_dw100_aw10_bs64,embed_distill,s2,22.0,8.06060659388701,0.3479761729637782,0.003985870646526261,0.7314043384459283,0.0,0.0,0.0,0.0,0.4418124698550499,0.338,0.635
s2_embed_dw100_aw10_bs64,embed_distill,s2,23.0,7.980242182811101,0.33542677889474565,0.00390810252510063,0.7254005144867632,0.0,0.0,0.0,0.0,0.44295860423676986,0.341,0.645
s2_embed_dw100_aw10_bs64,embed_distill,s2,24.0,7.917340993881226,0.33015257580619717,0.003856854380703428,0.7201502966798015,0.0,0.0,0.0,0.0,0.4509546285241355,0.355,0.642
s2_embed_dw100_aw10_bs64,embed_distill,s2,25.0,7.8512382672892675,0.3237527905859881,0.003789079283402922,0.7148577550219165,0.0,0.0,0.0,0.0,0.45056886369855625,0.352,0.649
s2_embed_dw100_aw10_bs64,embed_distill,s2,26.0,7.787430408928129,0.31924309581518173,0.0037112039078945397,0.7097066926459471,0.0,0.0,0.0,0.0,0.4522471200920811,0.351,0.647
s2_embed_dw100_aw10_bs64,embed_distill,s2,27.0,7.7169180942906275,0.3060728724942439,0.003651160357953308,0.704572916858726,0.0,0.0,0.0,0.0,0.44723150263761613,0.347,0.649
s2_embed_dw100_aw10_bs64,embed_distill,s2,28.0,7.664607639114062,0.3013250785879791,0.003597842256971894,0.7003498344371716,0.0,0.0,0.0,0.0,0.450431502558013,0.346,0.657
s2_embed_dw100_aw10_bs64,embed_distill,s2,29.0,7.6032048761844635,0.2936593541978962,0.003555284781517306,0.6954017053875658,0.0,0.0,0.0,0.0,0.45134547234395733,0.349,0.653
s2_embed_dw100_aw10_bs64,embed_distill,s2,30.0,7.549866782294379,0.2867957217515343,0.003503077490475132,0.691276331535644,0.0,0.0,0.0,0.0,0.44863963219050823,0.344,0.652
s2_hnp_dw100_pw10_bs64,hard_neg_pair,s2,1.0,6.801865731676419,0.6702032116138272,0.006739069832191389,0.0,0.5457755523837275,0.0,0.0,0.0,0.3695454222986825,0.275,0.557
s2_hnp_dw100_pw10_bs64,hard_neg_pair,s2,2.0,6.621553089883593,0.5961284192485942,0.006115155446524214,0.0,0.5413909126073122,0.0,0.0,0.0,0.37612878247583675,0.28,0.554
s2_hnp_dw100_pw10_bs64,hard_neg_pair,s2,3.0,6.539932989411884,0.5672605048037238,0.005852436404287194,0.0,0.5387428843726715,0.0,0.0,0.0,0.3844214627671864,0.292,0.552
s2_hnp_dw100_pw10_bs64,hard_neg_pair,s2,4.0,6.478259147869216,0.5337589368638065,0.005657633823122726,0.0,0.5378736801859405,0.0,0.0,0.0,0.3906778832107585,0.296,0.574
s2_hnp_dw100_pw10_bs64,hard_neg_pair,s2,5.0,6.420405517021815,0.5068341255601909,0.005485010535469175,0.0,0.5365070335360037,0.0,0.0,0.0,0.39112692221726864,0.292,0.573
s2_hnp_dw100_pw10_bs64,hard_neg_pair,s2,6.0,6.378750916984346,0.48649098387815887,0.005326688708414117,0.0,0.5359591051108308,0.0,0.0,0.0,0.3871464878125819,0.29,0.572
s2_hnp_dw100_pw10_bs64,hard_neg_pair,s2,7.0,6.32518405881193,0.4631006753899985,0.005175999053689238,0.0,0.5344483494344685,0.0,0.0,0.0,0.3940374347443789,0.296,0.579
s2_hnp_dw100_pw10_bs64,hard_neg_pair,s2,8.0,6.298340994450781,0.4461229210719466,0.005090013371146698,0.0,0.5343216735248765,0.0,0.0,0.0,0.40087049624132426,0.309,0.571
s2_hnp_dw100_pw10_bs64,hard_neg_pair,s2,9.0,6.239271284805404,0.41959834103989935,0.004958684564270597,0.0,0.5323804483438531,0.0,0.0,0.0,0.4081014702293445,0.318,0.579
s2_hnp_dw100_pw10_bs64,hard_neg_pair,s2,10.0,6.211102055178748,0.4063673497488101,0.004844773140373743,0.0,0.532025737584465,0.0,0.0,0.0,0.4020410172626349,0.302,0.59
s2_hnp_dw100_pw10_bs64,hard_neg_pair,s2,11.0,6.181692042284542,0.38616963781209457,0.004753303301792282,0.0,0.5320192069436113,0.0,0.0,0.0,0.4064710074375857,0.314,0.582
s2_hnp_dw100_pw10_bs64,hard_neg_pair,s2,12.0,6.159554140435325,0.37483554229968125,0.0046678287665902944,0.0,0.5317935710772872,0.0,0.0,0.0,0.41573436412778253,0.323,0.595
s2_hnp_dw100_pw10_bs64,hard_neg_pair,s2,13.0,6.139163921276729,0.3668535403493378,0.00457234410472059,0.0,0.5315075967874792,0.0,0.0,0.0,0.41395090813003377,0.317,0.603
s2_hnp_dw100_pw10_bs64,hard_neg_pair,s2,14.0,6.10397706925869,0.34805315976134604,0.0044898598878515055,0.0,0.5306937930484613,0.0,0.0,0.0,0.4191392412205903,0.319,0.6
s2_hnp_dw100_pw10_bs64,hard_neg_pair,s2,15.0,6.081959843635559,0.34088070695805883,0.004402044301160559,0.0,0.5300874724570248,0.0,0.0,0.0,0.4206793420874697,0.324,0.607
s2_hnp_dw100_pw10_bs64,hard_neg_pair,s2,16.0,6.046867617302471,0.32173785562109614,0.00431477211451339,0.0,0.5293652551869551,0.0,0.0,0.0,0.42281398867698305,0.328,0.603
s2_hnp_dw100_pw10_bs64,hard_neg_pair,s2,17.0,6.043138358328077,0.32159499725740814,0.004256001227380087,0.0,0.5295943253570132,0.0,0.0,0.0,0.43074491456493114,0.342,0.603
s2_hnp_dw100_pw10_bs64,hard_neg_pair,s2,18.0,6.019244021839565,0.3125590707382394,0.004185410681303538,0.0,0.528814386886855,0.0,0.0,0.0,0.4230323970297342,0.326,0.602
s2_hnp_dw100_pw10_bs64,hard_neg_pair,s2,19.0,6.00536672770977,0.30425033035377663,0.004135867506394991,0.0,0.5287529648178153,0.0,0.0,0.0,0.4325301257953877,0.341,0.609
s2_hnp_dw100_pw10_bs64,hard_neg_pair,s2,20.0,5.982118399606811,0.2911362482441796,0.004046447789328845,0.0,0.5286337387644582,0.0,0.0,0.0,0.43016295442462577,0.335,0.625
s2_hnp_dw100_pw10_bs64,hard_neg_pair,s2,21.0,5.965281163652738,0.2876875164090759,0.003983312779584796,0.0,0.5279262382537127,0.0,0.0,0.0,0.4310873999936589,0.339,0.607
s2_hnp_dw100_pw10_bs64,hard_neg_pair,s2,22.0,5.953349618448152,0.277231738747408,0.003937648492056824,0.0,0.5282353023067117,0.0,0.0,0.0,0.43507940373727855,0.339,0.612
s2_hnp_dw100_pw10_bs64,hard_neg_pair,s2,23.0,5.926746383309364,0.2696894393819902,0.0038651145708475574,0.0,0.527054550126195,0.0,0.0,0.0,0.43648116913068313,0.342,0.611
s2_hnp_dw100_pw10_bs64,hard_neg_pair,s2,24.0,5.925040319561958,0.2692027161311772,0.003831205075483821,0.0,0.5272717104396887,0.0,0.0,0.0,0.43755452287599483,0.345,0.617
s2_hnp_dw100_pw10_bs64,hard_neg_pair,s2,25.0,5.907318024171723,0.2635149036585871,0.0037638767583606145,0.0,0.526741544302139,0.0,0.0,0.0,0.4335374486786097,0.34,0.614
s2_hnp_dw100_pw10_bs64,hard_neg_pair,s2,26.0,5.89460896121131,0.2582752225247936,0.0037098986609230954,0.0,0.5265343873244193,0.0,0.0,0.0,0.4412885801556241,0.344,0.617
s2_hnp_dw100_pw10_bs64,hard_neg_pair,s2,27.0,5.884768532382117,0.2506621195676012,0.003667122656932204,0.0,0.5267394139534898,0.0,0.0,0.0,0.44185247397400373,0.349,0.616
s2_hnp_dw100_pw10_bs64,hard_neg_pair,s2,28.0,5.868172405494584,0.24716704356898037,0.0036162209524061633,0.0,0.5259383277346691,0.0,0.0,0.0,0.44930762173186134,0.36,0.623
s2_hnp_dw100_pw10_bs64,hard_neg_pair,s2,29.0,5.863184354371494,0.2432380727906194,0.003575467786706415,0.0,0.5262399514516195,0.0,0.0,0.0,0.44756484748786035,0.355,0.619
s2_hnp_dw100_pw10_bs64,hard_neg_pair,s2,30.0,5.849914812379414,0.23959485829497376,0.0035377127375492514,0.0,0.5256548664636083,0.0,0.0,0.0,0.44633387951650444,0.353,0.617
s2_score_dw100_bs64,score_distill,s2,1.0,1.326746426936653,0.6367248719972041,0.00690021549396786,0.0,0.0,0.0,0.0,0.0,0.3659598926910958,0.267,0.56
s2_score_dw100_bs64,score_distill,s2,2.0,1.1877056685172849,0.5545962214883831,0.006331094417772774,0.0,0.0,0.0,0.0,0.0,0.3731418664925801,0.276,0.553
s2_score_dw100_bs64,score_distill,s2,3.0,1.1279880839089553,0.5179847868987255,0.006100032934530948,0.0,0.0,0.0,0.0,0.0,0.37697473147236416,0.281,0.546
s2_score_dw100_bs64,score_distill,s2,4.0,1.0722310803830624,0.47988066180712646,0.005923504148894507,0.0,0.0,0.0,0.0,0.0,0.38368720369083614,0.289,0.566
s2_score_dw100_bs64,score_distill,s2,5.0,1.0239006210532453,0.44760926957759595,0.0057629134793791715,0.0,0.0,0.0,0.0,0.0,0.3857558615658941,0.284,0.572
s2_score_dw100_bs64,score_distill,s2,6.0,0.986352848716908,0.4237648187101715,0.005625880240889576,0.0,0.0,0.0,0.0,0.0,0.3836292937682388,0.288,0.566
s2_score_dw100_bs64,score_distill,s2,7.0,0.9426918369200494,0.39456627554156715,0.005481255589984357,0.0,0.0,0.0,0.0,0.0,0.3906719926835226,0.293,0.577
s2_score_dw100_bs64,score_distill,s2,8.0,0.9141933454407586,0.37388347782608533,0.005403098650276661,0.0,0.0,0.0,0.0,0.0,0.3908928351160496,0.296,0.566
s2_score_dw100_bs64,score_distill,s2,9.0,0.8755211552811993,0.3455306023048858,0.005299905494515163,0.0,0.0,0.0,0.0,0.0,0.3987057040575437,0.308,0.566
s2_score_dw100_bs64,score_distill,s2,10.0,0.8470794270849891,0.32811795335469973,0.005189614676055498,0.0,0.0,0.0,0.0,0.0,0.39797524975218845,0.304,0.572
s2_score_dw100_bs64,score_distill,s2,11.0,0.8164563299053245,0.3064645537071758,0.005099917739345174,0.0,0.0,0.0,0.0,0.0,0.39634645272169566,0.299,0.581
s2_score_dw100_bs64,score_distill,s2,12.0,0.7952276824249161,0.2926101946375436,0.005026174836934337,0.0,0.0,0.0,0.0,0.0,0.40986193174407937,0.318,0.579
s2_score_dw100_bs64,score_distill,s2,13.0,0.7748732415752279,0.2812352301552892,0.004936380114587437,0.0,0.0,0.0,0.0,0.0,0.4039121577447371,0.309,0.591
s2_score_dw100_bs64,score_distill,s2,14.0,0.7500313572171662,0.2642683292894314,0.004857630268411918,0.0,0.0,0.0,0.0,0.0,0.41092951651761,0.314,0.587
s2_score_dw100_bs64,score_distill,s2,15.0,0.7292031271176206,0.2521793982790162,0.004770237304102112,0.0,0.0,0.0,0.0,0.0,0.4143492745601702,0.32,0.595
s2_score_dw100_bs64,score_distill,s2,16.0,0.7022467280427614,0.23318472132086754,0.00469062007646749,0.0,0.0,0.0,0.0,0.0,0.41206813556728605,0.317,0.597
s2_score_dw100_bs64,score_distill,s2,17.0,0.695066573512223,0.23208328266628087,0.004629832938210004,0.0,0.0,0.0,0.0,0.0,0.4115059892026143,0.317,0.584
s2_score_dw100_bs64,score_distill,s2,18.0,0.6775224796599812,0.22173757592423093,0.004557849056760056,0.0,0.0,0.0,0.0,0.0,0.4105179949965807,0.311,0.598
s2_score_dw100_bs64,score_distill,s2,19.0,0.6648624193751149,0.2135788336292737,0.0045128358777017435,0.0,0.0,0.0,0.0,0.0,0.4231789994346977,0.329,0.595
s2_score_dw100_bs64,score_distill,s2,20.0,0.6422392438269324,0.19987985152854687,0.0044235939664455754,0.0,0.0,0.0,0.0,0.0,0.4193729387064498,0.319,0.606
s2_score_dw100_bs64,score_distill,s2,21.0,0.630886327371829,0.19456478795554075,0.0043632154200976304,0.0,0.0,0.0,0.0,0.0,0.4228809784799992,0.329,0.594
s2_score_dw100_bs64,score_distill,s2,22.0,0.6161807201181849,0.18526162618460754,0.004309190949748477,0.0,0.0,0.0,0.0,0.0,0.4214624543922224,0.328,0.602
s2_score_dw100_bs64,score_distill,s2,23.0,0.6019964153981872,0.1772424249858078,0.004247539917640906,0.0,0.0,0.0,0.0,0.0,0.421057384349565,0.327,0.606
s2_score_dw100_bs64,score_distill,s2,24.0,0.5956340603944328,0.1752651131246239,0.00420368949562544,0.0,0.0,0.0,0.0,0.0,0.4290647216464685,0.338,0.603
s2_score_dw100_bs64,score_distill,s2,25.0,0.5844532510058748,0.17070489043059447,0.004137483618655501,0.0,0.0,0.0,0.0,0.0,0.42837062806044335,0.337,0.602
s2_score_dw100_bs64,score_distill,s2,26.0,0.5741207571700215,0.1656720102764666,0.004084487474756315,0.0,0.0,0.0,0.0,0.0,0.4268249047109847,0.334,0.608
s2_score_dw100_bs64,score_distill,s2,27.0,0.5616230951208208,0.15731264922457436,0.004043104453659099,0.0,0.0,0.0,0.0,0.0,0.42412844464764266,0.328,0.603
s2_score_dw100_bs64,score_distill,s2,28.0,0.5522706584177084,0.15382422297261655,0.003984464348630152,0.0,0.0,0.0,0.0,0.0,0.43376830180451487,0.344,0.602
s2_score_dw100_bs64,score_distill,s2,29.0,0.5426913253549073,0.1481610410588069,0.003945302857674606,0.0,0.0,0.0,0.0,0.0,0.4327967340027922,0.337,0.614
s2_score_dw100_bs64,score_distill,s2,30.0,0.5352207186321417,0.14516805151167014,0.003900526696169335,0.0,0.0,0.0,0.0,0.0,0.43577919340876803,0.343,0.614
s3_A2_bimga_uniform,bimga_uniform,s3,1.0,24.22505694080267,0.5743629914842404,0.007945050549188199,2.285618893608477,0.0,0.0,0.0,0.0,0.32973193292416364,0.237,0.513
s3_A2_bimga_uniform,bimga_uniform,s3,2.0,20.483145821239134,0.5727944936558114,0.007899941439115711,1.9120357218400237,0.0,0.0,0.0,0.0,0.35004717691650916,0.251,0.539
s3_A2_bimga_uniform,bimga_uniform,s3,3.0,19.099337371217935,0.5361204037065109,0.007292636692769296,1.783395330662124,0.0,0.0,0.0,0.0,0.36006619380132193,0.258,0.563
s3_A2_bimga_uniform,bimga_uniform,s3,4.0,18.25895521339139,0.49803818761011137,0.006780143600422082,1.7082902693046027,0.0,0.0,0.0,0.0,0.37713451549450955,0.28,0.572
s3_A2_bimga_uniform,bimga_uniform,s3,5.0,17.624421296541158,0.4587284518693101,0.006298707392989969,1.6535822101440958,0.0,0.0,0.0,0.0,0.39248674359059127,0.294,0.577
s3_A2_bimga_uniform,bimga_uniform,s3,6.0,17.137595951867063,0.44487399499430813,0.005904655970562011,1.610225634103838,0.0,0.0,0.0,0.0,0.40066014483481693,0.302,0.593
s3_A2_bimga_uniform,bimga_uniform,s3,7.0,16.71154992915109,0.4217424515499193,0.0055510056878164075,1.5734706860894347,0.0,0.0,0.0,0.0,0.4068596265342529,0.302,0.596
s3_A2_bimga_uniform,bimga_uniform,s3,8.0,16.344260419055537,0.39871563323397363,0.0052655428572133366,1.5418990484763266,0.0,0.0,0.0,0.0,0.4138468407693041,0.31,0.6
s3_A2_bimga_uniform,bimga_uniform,s3,9.0,16.014883583505192,0.378819135100011,0.0049934855713129715,1.5136715880299771,0.0,0.0,0.0,0.0,0.42672703796778205,0.329,0.622
s3_A2_bimga_uniform,bimga_uniform,s3,10.0,15.726089482497509,0.3581524901414868,0.0047754315038791096,1.4890393834799993,0.0,0.0,0.0,0.0,0.4241714206523857,0.318,0.62
s3_A2_bimga_uniform,bimga_uniform,s3,11.0,15.464985293780083,0.34504476249011384,0.004574706159335153,1.4662469916781684,0.0,0.0,0.0,0.0,0.43212585786172714,0.328,0.63
s3_A2_bimga_uniform,bimga_uniform,s3,12.0,15.223326258270951,0.33033941726182525,0.004373834947805264,1.4455603385921987,0.0,0.0,0.0,0.0,0.4345191184166829,0.331,0.624
s3_A2_bimga_uniform,bimga_uniform,s3,13.0,15.002493428605474,0.31298257353710757,0.004213621804774763,1.426814869330289,0.0,0.0,0.0,0.0,0.441075659301262,0.332,0.631
s3_A2_bimga_uniform,bimga_uniform,s3,14.0,14.779079675261235,0.2942023192188562,0.004034542851472851,1.4081423071889365,0.0,0.0,0.0,0.0,0.4492927888042098,0.349,0.64
s3_A2_bimga_uniform,bimga_uniform,s3,15.0,14.599978977514098,0.2880592145529322,0.00391902840023205,1.3920016912695028,0.0,0.0,0.0,0.0,0.45338789305371674,0.35,0.64
s3_A2_bimga_uniform,bimga_uniform,s3,16.0,14.417784282611603,0.27830969383439735,0.0037755446824885943,1.3761920086019375,0.0,0.0,0.0,0.0,0.4526642903492859,0.348,0.64
s3_A2_bimga_uniform,bimga_uniform,s3,17.0,14.257053332270948,0.2723728864158357,0.003639903337980396,1.3620690111477618,0.0,0.0,0.0,0.0,0.4605041058176272,0.362,0.65
s3_A2_bimga_uniform,bimga_uniform,s3,18.0,14.08773174980071,0.2565293545145509,0.0035345874552451966,1.3477743649193485,0.0,0.0,0.0,0.0,0.4597387010890908,0.36,0.647
s3_A2_bimga_uniform,bimga_uniform,s3,19.0,13.938088598862885,0.24939954624974542,0.0034176032341358153,1.3346928746489553,0.0,0.0,0.0,0.0,0.46326909797052984,0.364,0.645
s3_A2_bimga_uniform,bimga_uniform,s3,20.0,13.791812738058265,0.23704257285290203,0.0033263680145815917,1.3222133346818763,0.0,0.0,0.0,0.0,0.4711969846623043,0.374,0.65
s3_A2_bimga_uniform,bimga_uniform,s3,21.0,13.660755932640988,0.2331783076686917,0.003241289327118023,1.310344870003712,0.0,0.0,0.0,0.0,0.4670324419989409,0.367,0.656
s3_A2_bimga_uniform,bimga_uniform,s3,22.0,13.54106665897204,0.2297447806601921,0.00315645725613192,1.2995676130727838,0.0,0.0,0.0,0.0,0.4712280158214911,0.375,0.653
s3_A2_bimga_uniform,bimga_uniform,s3,23.0,13.415931681826375,0.22089895956618533,0.0030747437385593634,1.2887558329663202,0.0,0.0,0.0,0.0,0.46702226908891714,0.366,0.656
s3_A2_bimga_uniform,bimga_uniform,s3,24.0,13.294044402071261,0.21636718000564562,0.002996829186648492,1.2777994338106655,0.0,0.0,0.0,0.0,0.47638681884053,0.383,0.653
s3_A2_bimga_uniform,bimga_uniform,s3,25.0,13.188226813873344,0.21368437602573706,0.0029211754106030358,1.2682424907667798,0.0,0.0,0.0,0.0,0.47596273774048836,0.38,0.656
s3_A2_bimga_uniform,bimga_uniform,s3,26.0,13.074292601084585,0.20776665394083052,0.00285594161088212,1.2580931758963256,0.0,0.0,0.0,0.0,0.4737238045471053,0.376,0.666
s3_A2_bimga_uniform,bimga_uniform,s3,27.0,12.968361008311888,0.20080551831778043,0.0027789012871947353,1.248966536240933,0.0,0.0,0.0,0.0,0.4746249526989817,0.375,0.66
s3_A2_bimga_uniform,bimga_uniform,s3,28.0,12.865960382299573,0.19214731097169724,0.0027190892334924156,1.2401904132171975,0.0,0.0,0.0,0.0,0.4791124524595032,0.383,0.664
s3_A2_bimga_uniform,bimga_uniform,s3,29.0,12.781572295640123,0.19408624947548841,0.0026717843133568816,1.232030762336903,0.0,0.0,0.0,0.0,0.4823281006570763,0.388,0.658
s3_A2_bimga_uniform,bimga_uniform,s3,30.0,12.685477020422342,0.19335876169583827,0.002618480977954172,1.223027016509137,0.0,0.0,0.0,0.0,0.4838383008298336,0.39,0.659
s3_A3_bimga_query_only,bimga_query_only,s3,1.0,10.341863660300005,0.47687658096826674,0.006700829461546198,0.9194904125749135,0.0,0.0,0.0,0.0,0.3475418256479737,0.254,0.53
s3_A3_bimga_query_only,bimga_query_only,s3,2.0,9.04325600100142,0.4569958440533337,0.006321246433112144,0.7954135535081504,0.0,0.0,0.0,0.0,0.3541186136000299,0.255,0.552
s3_A3_bimga_query_only,bimga_query_only,s3,3.0,8.393611947626546,0.4378692087567245,0.00603105129506213,0.7352637611394118,0.0,0.0,0.0,0.0,0.3662670502260972,0.266,0.563
s3_A3_bimga_query_only,bimga_query_only,s3,4.0,7.972575812447216,0.4137182324169207,0.005756203838151136,0.698323718803181,0.0,0.0,0.0,0.0,0.36784216394243335,0.264,0.571
s3_A3_bimga_query_only,bimga_query_only,s3,5.0,7.665632392546127,0.3863473670683039,0.00544936194341223,0.673434884957259,0.0,0.0,0.0,0.0,0.3736657965191749,0.268,0.576
s3_A3_bimga_query_only,bimga_query_only,s3,6.0,7.4308554799759206,0.37378669172473755,0.0052062933699613635,0.653643944234534,0.0,0.0,0.0,0.0,0.37792360988816204,0.274,0.578
s3_A3_bimga_query_only,bimga_query_only,s3,7.0,7.233534083209377,0.3553885398255064,0.004972499855382423,0.6380895556982097,0.0,0.0,0.0,0.0,0.3864241292830136,0.282,0.589
s3_A3_bimga_query_only,bimga_query_only,s3,8.0,7.065848045580515,0.338786917436784,0.004791070404099349,0.6247954085546722,0.0,0.0,0.0,0.0,0.38986421940451044,0.28,0.601
s3_A3_bimga_query_only,bimga_query_only,s3,9.0,6.917559749332209,0.31722827976249945,0.0045987530748652005,0.6140456168655712,0.0,0.0,0.0,0.0,0.40472976115589876,0.298,0.601
s3_A3_bimga_query_only,bimga_query_only,s3,10.0,6.7731084972361755,0.29838366588283866,0.004414188414505413,0.6033306005096105,0.0,0.0,0.0,0.0,0.40340105336277,0.293,0.613
s3_A3_bimga_query_only,bimga_query_only,s3,11.0,6.650043037983119,0.2873682666253589,0.004287146574186494,0.593396011630212,0.0,0.0,0.0,0.0,0.4074038831595267,0.302,0.61
s3_A3_bimga_query_only,bimga_query_only,s3,12.0,6.543600996404215,0.2778978251579316,0.004140849287365038,0.5851618243668687,0.0,0.0,0.0,0.0,0.4169874312147319,0.312,0.612
s3_A3_bimga_query_only,bimga_query_only,s3,13.0,6.43825009294771,0.2608884705595375,0.004015157052898453,0.5775845907693099,0.0,0.0,0.0,0.0,0.42341703734621,0.319,0.619
s3_A3_bimga_query_only,bimga_query_only,s3,14.0,6.338520077320277,0.24651509968877044,0.003880414159878107,0.5703963545930654,0.0,0.0,0.0,0.0,0.4296851401471409,0.327,0.629
s3_A3_bimga_query_only,bimga_query_only,s3,15.0,6.257546235618393,0.243539944420241,0.003772480424212702,0.5636758244430172,0.0,0.0,0.0,0.0,0.4408315885058483,0.341,0.632
s3_A3_bimga_query_only,bimga_query_only,s3,16.0,6.172384968663419,0.23242122771628396,0.0036631657748420173,0.5573647152923009,0.0,0.0,0.0,0.0,0.4423459146030985,0.339,0.634
s3_A3_bimga_query_only,bimga_query_only,s3,17.0,6.095539873972716,0.22669479023000189,0.0035554256429008017,0.5513302511834189,0.0,0.0,0.0,0.0,0.44369370196751834,0.341,0.638
s3_A3_bimga_query_only,bimga_query_only,s3,18.0,6.017131942603576,0.2147751575145399,0.0034622823633092166,0.5456128539307692,0.0,0.0,0.0,0.0,0.4445041094124976,0.344,0.637
s3_A3_bimga_query_only,bimga_query_only,s3,19.0,5.941669326927674,0.20738904233021174,0.0033790302278064,0.539637726349062,0.0,0.0,0.0,0.0,0.4496170962088868,0.353,0.636
s3_A3_bimga_query_only,bimga_query_only,s3,20.0,5.864683161988415,0.19411099616250918,0.0032962273428639465,0.5340949429176503,0.0,0.0,0.0,0.0,0.4513530994210937,0.359,0.641
s3_A3_bimga_query_only,bimga_query_only,s3,21.0,5.812713965179602,0.19360666754986425,0.003210741570187116,0.5298033131987011,0.0,0.0,0.0,0.0,0.44820780432809737,0.348,0.646
s3_A3_bimga_query_only,bimga_query_only,s3,22.0,5.742599416233638,0.18808767060382836,0.003153982067454858,0.5239113544467418,0.0,0.0,0.0,0.0,0.45624685965546086,0.36,0.642
s3_A3_bimga_query_only,bimga_query_only,s3,23.0,5.695797788001842,0.18044910931143024,0.0030754004509076865,0.520780864218492,0.0,0.0,0.0,0.0,0.4515842076184085,0.352,0.645
s3_A3_bimga_query_only,bimga_query_only,s3,24.0,5.633257085777031,0.1765785926510701,0.003013633043897472,0.5155315195150557,0.0,0.0,0.0,0.0,0.46185689249766004,0.36,0.652
s3_A3_bimga_query_only,bimga_query_only,s3,25.0,5.5868940419506155,0.17554220489421585,0.0029502629582484475,0.5116325517667641,0.0,0.0,0.0,0.0,0.4589650394105762,0.362,0.65
s3_A3_bimga_query_only,bimga_query_only,s3,26.0,5.534511754583032,0.1687926164726554,0.0028903120874461154,0.5076687927365923,0.0,0.0,0.0,0.0,0.46030993765651984,0.361,0.646
s3_A3_bimga_query_only,bimga_query_only,s3,27.0,5.476214207231068,0.16291575765227528,0.002824809088289376,0.5030817534109542,0.0,0.0,0.0,0.0,0.46163277782820544,0.362,0.641
s3_A3_bimga_query_only,bimga_query_only,s3,28.0,5.429557411055011,0.15573130937638585,0.002754743307008952,0.49983517652574405,0.0,0.0,0.0,0.0,0.4576990858560488,0.353,0.657
s3_A3_bimga_query_only,bimga_query_only,s3,29.0,5.388952497386437,0.1545458962072326,0.0027242074708455923,0.4961985855313273,0.0,0.0,0.0,0.0,0.4619292441180161,0.36,0.653
s3_A3_bimga_query_only,bimga_query_only,s3,30.0,5.344162432738359,0.15284694239910387,0.0026669933543777805,0.4924616154599644,0.0,0.0,0.0,0.0,0.4607520284982452,0.36,0.664
s4_bimga_dw100_aw10_seed123,bimga,s4,1.0,18.733928602737613,0.5345342753509922,0.007523284401854361,1.7447065906260208,0.0,0.0,0.0,0.0,0.3446563046167544,0.25,0.54
s4_bimga_dw100_aw10_seed123,bimga,s4,2.0,15.993834024492129,0.5352162180833222,0.007470370598776553,1.4711580745475543,0.0,0.0,0.0,0.0,0.35616456836636623,0.256,0.549
s4_bimga_dw100_aw10_seed123,bimga,s4,3.0,14.86890952839182,0.4906850145222616,0.006983805332410325,1.367984395506477,0.0,0.0,0.0,0.0,0.36362067167863804,0.263,0.566
s4_bimga_dw100_aw10_seed123,bimga,s4,4.0,14.19568291569913,0.45968263193422626,0.006507895794895638,1.308521067455695,0.0,0.0,0.0,0.0,0.37720032884243276,0.269,0.585
s4_bimga_dw100_aw10_seed123,bimga,s4,5.0,13.704100278262663,0.43699514567593767,0.006136637377154011,1.2653441389883824,0.0,0.0,0.0,0.0,0.38072700453844494,0.277,0.587
s4_bimga_dw100_aw10_seed123,bimga,s4,6.0,13.300510360215318,0.40897423204557526,0.005812337053084239,1.231030242695139,0.0,0.0,0.0,0.0,0.39886152253383694,0.299,0.597
s4_bimga_dw100_aw10_seed123,bimga,s4,7.0,12.966516698047235,0.3890682784792042,0.005487953189218116,1.2028653101036826,0.0,0.0,0.0,0.0,0.40230373733276825,0.299,0.605
s4_bimga_dw100_aw10_seed123,bimga,s4,8.0,12.68842959445312,0.3693500856773692,0.005203108938388281,1.1798768599277145,0.0,0.0,0.0,0.0,0.4003795257756625,0.297,0.598
s4_bimga_dw100_aw10_seed123,bimga,s4,9.0,12.452161355902872,0.35274411178802495,0.0049849364860548254,1.160092358779246,0.0,0.0,0.0,0.0,0.4159021637446679,0.313,0.615
s4_bimga_dw100_aw10_seed123,bimga,s4,10.0,12.200625819597954,0.33376221282591645,0.004736077385039377,1.139325588166817,0.0,0.0,0.0,0.0,0.4134247628070399,0.306,0.616
s4_bimga_dw100_aw10_seed123,bimga,s4,11.0,12.00379855752611,0.3256312583539267,0.0045805666636049335,1.122011062384065,0.0,0.0,0.0,0.0,0.42078251961979163,0.312,0.625
s4_bimga_dw100_aw10_seed123,bimga,s4,12.0,11.796986888971444,0.3069947791678034,0.004367848845728168,1.1053207250153791,0.0,0.0,0.0,0.0,0.4336311433136522,0.328,0.631
s4_bimga_dw100_aw10_seed123,bimga,s4,13.0,11.634940841582248,0.29165838251416565,0.004213806756237841,1.0921901790893265,0.0,0.0,0.0,0.0,0.43217511376862,0.325,0.633
s4_bimga_dw100_aw10_seed123,bimga,s4,14.0,11.47688383700736,0.28581695957190034,0.004069940260881025,1.0784072849118318,0.0,0.0,0.0,0.0,0.44429315115877704,0.34,0.635
s4_bimga_dw100_aw10_seed123,bimga,s4,15.0,11.32561310449134,0.2708963504968214,0.003944034598593437,1.066031330586306,0.0,0.0,0.0,0.0,0.445562825004474,0.345,0.639
s4_bimga_dw100_aw10_seed123,bimga,s4,16.0,11.181796556535586,0.25857196798615895,0.0037908083876268856,1.0544143738531777,0.0,0.0,0.0,0.0,0.4471487381903937,0.344,0.641
s4_bimga_dw100_aw10_seed123,bimga,s4,17.0,11.046932483256587,0.2497258219267508,0.0036762833633206694,1.0429578274746703,0.0,0.0,0.0,0.0,0.4548605342436306,0.359,0.643
s4_bimga_dw100_aw10_seed123,bimga,s4,18.0,10.91153413584162,0.24245929168908498,0.003563865739206559,1.0312688288696923,0.0,0.0,0.0,0.0,0.4609404865797553,0.361,0.648
s4_bimga_dw100_aw10_seed123,bimga,s4,19.0,10.794879743090123,0.23185042700564015,0.003481034975114764,1.0214925815369063,0.0,0.0,0.0,0.0,0.46144588668906283,0.36,0.648
s4_bimga_dw100_aw10_seed123,bimga,s4,20.0,10.695796338482994,0.22619663471391543,0.00336988628244728,1.0132611052002403,0.0,0.0,0.0,0.0,0.46155154480195504,0.361,0.655
s4_bimga_dw100_aw10_seed123,bimga,s4,21.0,10.58610733501626,0.21663529296733272,0.0032850577430622056,1.004096626305704,0.0,0.0,0.0,0.0,0.46533829615134004,0.361,0.657
s4_bimga_dw100_aw10_seed123,bimga,s4,22.0,10.483104325663072,0.20916535422541654,0.0031832882830230727,0.9955610114325684,0.0,0.0,0.0,0.0,0.4697392386732643,0.37,0.654
s4_bimga_dw100_aw10_seed123,bimga,s4,23.0,10.392067730736692,0.2057580245881498,0.0031132670639944706,0.9874982992945759,0.0,0.0,0.0,0.0,0.47304360486088,0.376,0.651
s4_bimga_dw100_aw10_seed123,bimga,s4,24.0,10.306634443471502,0.2032615218950723,0.003053553910454674,0.9798017539845802,0.0,0.0,0.0,0.0,0.46994011539718117,0.369,0.658
s4_bimga_dw100_aw10_seed123,bimga,s4,25.0,10.21165803317594,0.19704543638399816,0.0029603226608281995,0.9718580357536699,0.0,0.0,0.0,0.0,0.47314718380386,0.373,0.661
s4_bimga_dw100_aw10_seed123,bimga,s4,26.0,10.122552471722846,0.19374001375117067,0.002883916821627776,0.9640420752753418,0.0,0.0,0.0,0.0,0.47421315690991733,0.375,0.654
s4_bimga_dw100_aw10_seed123,bimga,s4,27.0,10.038759381973557,0.18819857415205685,0.0028400059601379176,0.9566560194438624,0.0,0.0,0.0,0.0,0.47077175845563335,0.367,0.656
s4_bimga_dw100_aw10_seed123,bimga,s4,28.0,9.95996713555665,0.18316813272325583,0.0027729071974528364,0.9499508274696522,0.0,0.0,0.0,0.0,0.4720881306730147,0.367,0.663
s4_bimga_dw100_aw10_seed123,bimga,s4,29.0,9.89690958813117,0.18453084376916626,0.0027165310299976293,0.9440725634788103,0.0,0.0,0.0,0.0,0.47272941062581847,0.37,0.665
s4_bimga_dw100_aw10_seed123,bimga,s4,30.0,9.804984628224497,0.17525859833073576,0.0026574863780264063,0.9363977394649433,0.0,0.0,0.0,0.0,0.47633364934845196,0.376,0.655
s4_bimga_dw100_aw10_seed456,bimga,s4,1.0,18.73164561385712,0.5228377706928105,0.007464940964762425,1.74623137206304,0.0,0.0,0.0,0.0,0.34007543527923906,0.246,0.52
s4_bimga_dw100_aw10_seed456,bimga,s4,2.0,15.919271862486207,0.53159109336458,0.007422802261233433,1.464540052042057,0.0,0.0,0.0,0.0,0.34653028183968504,0.247,0.547
s4_bimga_dw100_aw10_seed456,bimga,s4,3.0,14.7845684263074,0.4920940981270742,0.00691943286403213,1.3600531041725463,0.0,0.0,0.0,0.0,0.3730280487422516,0.275,0.574
s4_bimga_dw100_aw10_seed456,bimga,s4,4.0,14.136015594522089,0.45935202946489356,0.0064824053386558795,1.3028423034132457,0.0,0.0,0.0,0.0,0.3783894407679047,0.274,0.58
s4_bimga_dw100_aw10_seed456,bimga,s4,5.0,13.648438514828475,0.4313676536496425,0.006084880568861858,1.2608582789604543,0.0,0.0,0.0,0.0,0.3853607752612761,0.282,0.585
s4_bimga_dw100_aw10_seed456,bimga,s4,6.0,13.268705520100982,0.40708340767712897,0.0057550411150053115,1.2286117967327919,0.0,0.0,0.0,0.0,0.39846707678184323,0.294,0.61
s4_bimga_dw100_aw10_seed456,bimga,s4,7.0,12.942017510610809,0.38353934924100463,0.0054447188952443815,1.2014006250239329,0.0,0.0,0.0,0.0,0.4001371613376955,0.29,0.607
s4_bimga_dw100_aw10_seed456,bimga,s4,8.0,12.672626974677708,0.3704457874030546,0.005201571716231325,1.1782024018272783,0.0,0.0,0.0,0.0,0.41293177737724596,0.307,0.608
s4_bimga_dw100_aw10_seed456,bimga,s4,9.0,12.436134882155077,0.3523818700472652,0.0049650632175883246,1.1587246679144054,0.0,0.0,0.0,0.0,0.41800824147706045,0.314,0.621
s4_bimga_dw100_aw10_seed456,bimga,s4,10.0,12.206910680443617,0.3398830136429499,0.004760705688774612,1.1390957096833703,0.0,0.0,0.0,0.0,0.41804169393821566,0.315,0.616
s4_bimga_dw100_aw10_seed456,bimga,s4,11.0,11.993407021362199,0.318414952276691,0.004549015793574899,1.1220090501849738,0.0,0.0,0.0,0.0,0.42276205645509096,0.315,0.616
s4_bimga_dw100_aw10_seed456,bimga,s4,12.0,11.804950519079146,0.3047648493581463,0.004390475115023773,1.1061138181174028,0.0,0.0,0.0,0.0,0.43384691001990133,0.328,0.63
s4_bimga_dw100_aw10_seed456,bimga,s4,13.0,11.639754842430921,0.295876215710797,0.004223382397856647,1.092154041320034,0.0,0.0,0.0,0.0,0.43793449773951,0.336,0.632
s4_bimga_dw100_aw10_seed456,bimga,s4,14.0,11.460005616397957,0.28409169908722726,0.00405989114019174,1.0769924799325767,0.0,0.0,0.0,0.0,0.43381441905946166,0.335,0.631
s4_bimga_dw100_aw10_seed456,bimga,s4,15.0,11.31834408150182,0.2719806482631268,0.003923462463730052,1.0654017181495654,0.0,0.0,0.0,0.0,0.4464043987396907,0.344,0.634
s4_bimga_dw100_aw10_seed456,bimga,s4,16.0,11.169496223872828,0.2638152715212551,0.0037968442658288487,1.0525996540406755,0.0,0.0,0.0,0.0,0.4513488444949712,0.35,0.643
s4_bimga_dw100_aw10_seed456,bimga,s4,17.0,11.038395013924902,0.247514670401605,0.0036685203474040823,1.0424028302395985,0.0,0.0,0.0,0.0,0.45219661188827215,0.348,0.638
s4_bimga_dw100_aw10_seed456,bimga,s4,18.0,10.901417861158349,0.2403084794688886,0.003557553324377103,1.0305354024963114,0.0,0.0,0.0,0.0,0.46124186433520004,0.36,0.643
s4_bimga_dw100_aw10_seed456,bimga,s4,19.0,10.793696410114679,0.23200321543567928,0.0034739423262365354,1.0214298976975875,0.0,0.0,0.0,0.0,0.4600703761578047,0.36,0.651
s4_bimga_dw100_aw10_seed456,bimga,s4,20.0,10.681641591896836,0.2246665539126359,0.003360765648802397,1.0120898483117697,0.0,0.0,0.0,0.0,0.45954818027760747,0.358,0.655
s4_bimga_dw100_aw10_seed456,bimga,s4,21.0,10.581359803779906,0.22292792468462494,0.003278259482102362,1.0030605942785638,0.0,0.0,0.0,0.0,0.4591150840194695,0.356,0.654
s4_bimga_dw100_aw10_seed456,bimga,s4,22.0,10.459354741114678,0.21309646254524822,0.0031761430749472756,0.9928643955514997,0.0,0.0,0.0,0.0,0.4598661966390778,0.357,0.65
s4_bimga_dw100_aw10_seed456,bimga,s4,23.0,10.371989660081251,0.212306574025745,0.0031025112752659017,0.9849431949636965,0.0,0.0,0.0,0.0,0.4682378414955813,0.364,0.662
s4_bimga_dw100_aw10_seed456,bimga,s4,24.0,10.284047860619927,0.19572817904800435,0.00303392895566787,0.9784926806206926,0.0,0.0,0.0,0.0,0.4689373428985563,0.371,0.657
s4_bimga_dw100_aw10_seed456,bimga,s4,25.0,10.196658106362593,0.19632345227527867,0.002958657322903414,0.9704468916565748,0.0,0.0,0.0,0.0,0.46972608587019565,0.37,0.665
s4_bimga_dw100_aw10_seed456,bimga,s4,26.0,10.102214366972342,0.19528144791696472,0.0028950784377999076,0.9617425070065146,0.0,0.0,0.0,0.0,0.46979403307483303,0.37,0.663
s4_bimga_dw100_aw10_seed456,bimga,s4,27.0,10.019161627652121,0.18374307528525538,0.0028351534886747287,0.9551903196389382,0.0,0.0,0.0,0.0,0.4755795697684982,0.378,0.663
s4_bimga_dw100_aw10_seed456,bimga,s4,28.0,9.942558447244469,0.1831679000120539,0.002776761046179814,0.9481714466002413,0.0,0.0,0.0,0.0,0.477926907693686,0.379,0.66
s4_bimga_dw100_aw10_seed456,bimga,s4,29.0,9.871370563474024,0.17959701550068846,0.002709286078000425,0.9420844913562001,0.0,0.0,0.0,0.0,0.4805492712273327,0.385,0.666
s4_bimga_dw100_aw10_seed456,bimga,s4,30.0,9.79609872067615,0.17647441252872373,0.002644013247066912,0.9355222987756778,0.0,0.0,0.0,0.0,0.4854033137921209,0.389,0.672
s4_embed_dw100_aw10_seed123,embed_distill,s4,1.0,13.211641290158912,0.505122548553518,0.006834615547326192,1.202305719798731,0.0,0.0,0.0,0.0,0.34356830221759366,0.254,0.53
s4_embed_dw100_aw10_seed123,embed_distill,s4,2.0,11.42110817477856,0.5015014090044246,0.006506838600120573,1.026892289855038,0.0,0.0,0.0,0.0,0.348163527539175,0.249,0.543
s4_embed_dw100_aw10_seed123,embed_distill,s4,3.0,10.58033444191389,0.4737692293509247,0.006097812924624471,0.9496783920962435,0.0,0.0,0.0,0.0,0.363343420658035,0.264,0.55
s4_embed_dw100_aw10_seed123,embed_distill,s4,4.0,10.05633810033418,0.44905296735065237,0.005711241101481318,0.9036161006013483,0.0,0.0,0.0,0.0,0.37394042055973287,0.279,0.572
s4_embed_dw100_aw10_seed123,embed_distill,s4,5.0,9.689602258507053,0.4262068601941732,0.005430214463747664,0.8720373940013311,0.0,0.0,0.0,0.0,0.3754987207719926,0.276,0.569
s4_embed_dw100_aw10_seed123,embed_distill,s4,6.0,9.398349029765798,0.40137763821118005,0.005181689596568691,0.8478802428088527,0.0,0.0,0.0,0.0,0.3868007847049195,0.291,0.567
s4_embed_dw100_aw10_seed123,embed_distill,s4,7.0,9.150324467769735,0.3779400431872241,0.00492340503776998,0.8280043929453739,0.0,0.0,0.0,0.0,0.3964752414624299,0.304,0.6
s4_embed_dw100_aw10_seed123,embed_distill,s4,8.0,8.944359359542872,0.35737697286870285,0.004716101363607952,0.8115372264199282,0.0,0.0,0.0,0.0,0.3953331416699516,0.297,0.594
s4_embed_dw100_aw10_seed123,embed_distill,s4,9.0,8.760062483815634,0.3395636746049754,0.004534610850975382,0.7967037717639057,0.0,0.0,0.0,0.0,0.408984312310949,0.311,0.61
s4_embed_dw100_aw10_seed123,embed_distill,s4,10.0,8.596308830499236,0.3247729733689612,0.004345782890438104,0.7836957543933413,0.0,0.0,0.0,0.0,0.40931642028468135,0.311,0.603
s4_embed_dw100_aw10_seed123,embed_distill,s4,11.0,8.44972023393707,0.31310064785918496,0.004198091533164166,0.7716810428497076,0.0,0.0,0.0,0.0,0.4184087117280044,0.315,0.622
s4_embed_dw100_aw10_seed123,embed_distill,s4,12.0,8.306691727563868,0.29387392741555357,0.004050260811214508,0.760779173266743,0.0,0.0,0.0,0.0,0.4241743889963687,0.322,0.62
s4_embed_dw100_aw10_seed123,embed_distill,s4,13.0,8.176863446392675,0.28024990495739815,0.0039225418848571475,0.7504359349427645,0.0,0.0,0.0,0.0,0.42422866085589717,0.329,0.626
s4_embed_dw100_aw10_seed123,embed_distill,s4,14.0,8.071111731967232,0.27427236946296446,0.0038209086497099603,0.7414748495125069,0.0,0.0,0.0,0.0,0.4304631388381139,0.333,0.625
s4_embed_dw100_aw10_seed123,embed_distill,s4,15.0,7.9537430040964425,0.2565656559448205,0.0037091858120089595,0.7326258764936358,0.0,0.0,0.0,0.0,0.42839219605069195,0.325,0.624
s4_embed_dw100_aw10_seed123,embed_distill,s4,16.0,7.837173510672108,0.24248506424486946,0.0035690527475492275,0.7237783158052732,0.0,0.0,0.0,0.0,0.42777271941494927,0.323,0.623
s4_embed_dw100_aw10_seed123,embed_distill,s4,17.0,7.743330396027457,0.23761445041778181,0.0034824763029245613,0.7157468305096882,0.0,0.0,0.0,0.0,0.4392107297271352,0.342,0.627
s4_embed_dw100_aw10_seed123,embed_distill,s4,18.0,7.658986518040067,0.23118937493945946,0.003389309894412988,0.7088866146019881,0.0,0.0,0.0,0.0,0.4437396305763492,0.345,0.633
s4_embed_dw100_aw10_seed123,embed_distill,s4,19.0,7.570370572485172,0.21912257765876564,0.003320141170461189,0.7019233880257896,0.0,0.0,0.0,0.0,0.43898082386514337,0.34,0.633
s4_embed_dw100_aw10_seed123,embed_distill,s4,20.0,7.487899566233882,0.2127822799353087,0.0032251783323020674,0.6952599429588384,0.0,0.0,0.0,0.0,0.43681292153178514,0.34,0.639
s4_embed_dw100_aw10_seed123,embed_distill,s4,21.0,7.404029198287884,0.20252001190645236,0.003139226960076384,0.6887586485575142,0.0,0.0,0.0,0.0,0.44501270506744894,0.344,0.642
s4_embed_dw100_aw10_seed123,embed_distill,s4,22.0,7.32567314713212,0.19639758362178167,0.003062551992863055,0.6823020358432723,0.0,0.0,0.0,0.0,0.4503490680493641,0.351,0.651
s4_embed_dw100_aw10_seed123,embed_distill,s4,23.0,7.260639320419814,0.19268770605015795,0.003012470821519116,0.6766704525443462,0.0,0.0,0.0,0.0,0.45374470958291946,0.353,0.648
s4_embed_dw100_aw10_seed123,embed_distill,s4,24.0,7.196654103244405,0.19166104492297206,0.0029566842841510653,0.670932461938577,0.0,0.0,0.0,0.0,0.4595513786777672,0.362,0.642
s4_embed_dw100_aw10_seed123,embed_distill,s4,25.0,7.122133780600087,0.18146642419530573,0.002880837513292063,0.6652583600743391,0.0,0.0,0.0,0.0,0.45644689993695825,0.353,0.652
s4_embed_dw100_aw10_seed123,embed_distill,s4,26.0,7.06390284252332,0.1806023603876604,0.002813577521640801,0.6601942730115232,0.0,0.0,0.0,0.0,0.4626641441606581,0.366,0.643
s4_embed_dw100_aw10_seed123,embed_distill,s4,27.0,7.00330510544405,0.17423229230054538,0.0027771861715310056,0.6551354197943438,0.0,0.0,0.0,0.0,0.4617873650708441,0.366,0.648
s4_embed_dw100_aw10_seed123,embed_distill,s4,28.0,6.9403190604528895,0.17043986726080937,0.0027180556897913304,0.6498073615275801,0.0,0.0,0.0,0.0,0.4673426612111864,0.368,0.656
s4_embed_dw100_aw10_seed123,embed_distill,s4,29.0,6.893401679794338,0.1686732293182477,0.002670281432711066,0.6457700321331388,0.0,0.0,0.0,0.0,0.46604106362150416,0.37,0.657
s4_embed_dw100_aw10_seed123,embed_distill,s4,30.0,6.831053709859865,0.16158476091624338,0.0026169404842643846,0.6407774892382233,0.0,0.0,0.0,0.0,0.46729753797084517,0.372,0.664
s4_embed_dw100_aw10_seed456,embed_distill,s4,1.0,13.201358167096275,0.5017691589827348,0.00683608533575666,1.2015980477969403,0.0,0.0,0.0,0.0,0.3365423928526517,0.239,0.52
s4_embed_dw100_aw10_seed456,embed_distill,s4,2.0,11.388730842484552,0.5001959270011614,0.0065047460111048545,1.023806030353599,0.0,0.0,0.0,0.0,0.3455285400822524,0.249,0.548
s4_embed_dw100_aw10_seed456,embed_distill,s4,3.0,10.547991227029307,0.47500032648779905,0.006097096889287853,0.9463281229629054,0.0,0.0,0.0,0.0,0.35706490620445674,0.253,0.561
s4_embed_dw100_aw10_seed456,embed_distill,s4,4.0,10.025327903972341,0.44597405784051586,0.005740654369916257,0.9005288416632746,0.0,0.0,0.0,0.0,0.3669969442851815,0.268,0.569
s4_embed_dw100_aw10_seed456,embed_distill,s4,5.0,9.665938780667258,0.4249348917675803,0.005432333234710493,0.8697770590178888,0.0,0.0,0.0,0.0,0.3730991710274472,0.269,0.576
s4_embed_dw100_aw10_seed456,embed_distill,s4,6.0,9.376138439211523,0.39703708089100426,0.005183877370141098,0.8460713598095978,0.0,0.0,0.0,0.0,0.3882830936794085,0.284,0.587
s4_embed_dw100_aw10_seed456,embed_distill,s4,7.0,9.133012717063547,0.37704127937865217,0.0049306493021702745,0.8262906495991778,0.0,0.0,0.0,0.0,0.39013859121799094,0.286,0.599
s4_embed_dw100_aw10_seed456,embed_distill,s4,8.0,8.9400890241256,0.36365277732059076,0.004744987964688234,0.8101937417554277,0.0,0.0,0.0,0.0,0.39851564966736147,0.292,0.6
s4_embed_dw100_aw10_seed456,embed_distill,s4,9.0,8.7522737661722,0.34280333803576035,0.0045380132140485216,0.795566909441295,0.0,0.0,0.0,0.0,0.4071378093560528,0.304,0.603
s4_embed_dw100_aw10_seed456,embed_distill,s4,10.0,8.597071931928241,0.3282290729766702,0.004401448523735489,0.7828697984718574,0.0,0.0,0.0,0.0,0.41263824064903853,0.311,0.61
s4_embed_dw100_aw10_seed456,embed_distill,s4,11.0,8.441916591373225,0.30922133345124625,0.0042122763023103235,0.7711467612760732,0.0,0.0,0.0,0.0,0.4100346938808223,0.305,0.617
s4_embed_dw100_aw10_seed456,embed_distill,s4,12.0,8.302576258442844,0.296341797378902,0.004085218520557421,0.7597712594466978,0.0,0.0,0.0,0.0,0.4223959468919745,0.322,0.619
s4_embed_dw100_aw10_seed456,embed_distill,s4,13.0,8.182340314524632,0.2851682962717382,0.0039514897728542215,0.7502023027096092,0.0,0.0,0.0,0.0,0.4290808810786637,0.329,0.624
s4_embed_dw100_aw10_seed456,embed_distill,s4,14.0,8.062498352143338,0.27274172636882066,0.003821075998046524,0.7407649027206249,0.0,0.0,0.0,0.0,0.4277033474243156,0.323,0.624
s4_embed_dw100_aw10_seed456,embed_distill,s4,15.0,7.945946219062475,0.25722442276168944,0.003701849225617984,0.7318536884036799,0.0,0.0,0.0,0.0,0.43730466939297774,0.336,0.629
s4_embed_dw100_aw10_seed456,embed_distill,s4,16.0,7.849659083414326,0.2532754664662806,0.003607603172534363,0.7235623296459998,0.0,0.0,0.0,0.0,0.43500624191916265,0.335,0.631
s4_embed_dw100_aw10_seed456,embed_distill,s4,17.0,7.743293567174849,0.2355277072024924,0.0034968263547919187,0.7158083233924217,0.0,0.0,0.0,0.0,0.4467307174908063,0.347,0.632
s4_embed_dw100_aw10_seed456,embed_distill,s4,18.0,7.651475740264152,0.22974577286576067,0.0034041690419829955,0.7081313062995104,0.0,0.0,0.0,0.0,0.44272460808028236,0.339,0.636
s4_embed_dw100_aw10_seed456,embed_distill,s4,19.0,7.568553964228109,0.2211995904093392,0.0033403520683791856,0.7013319163636483,0.0,0.0,0.0,0.0,0.4428701117726755,0.347,0.631
s4_embed_dw100_aw10_seed456,embed_distill,s4,20.0,7.4827093582219435,0.21366933356176424,0.0032410908985134068,0.6944930934616763,0.0,0.0,0.0,0.0,0.4461737702214358,0.344,0.64
s4_embed_dw100_aw10_seed456,embed_distill,s4,21.0,7.405214228704443,0.2071675041842192,0.00316665640126662,0.6881381070799802,0.0,0.0,0.0,0.0,0.4408531560820411,0.334,0.644
s4_embed_dw100_aw10_seed456,embed_distill,s4,22.0,7.330538836467618,0.2028178468579023,0.003085459568384434,0.6819175014875997,0.0,0.0,0.0,0.0,0.4463248525470333,0.342,0.639
s4_hnp_dw100_pw10_seed123,hard_neg_pair,s4,1.0,6.039787650314939,0.4313928028068261,0.006417730065349948,0.0,0.4966621835888775,0.0,0.0,0.0,0.3671584874998066,0.275,0.54
s4_hnp_dw100_pw10_seed123,hard_neg_pair,s4,2.0,5.890087104546136,0.38697647165177806,0.005803103036565167,0.0,0.49228002996130665,0.0,0.0,0.0,0.37174751109438486,0.276,0.55
s4_hnp_dw100_pw10_seed123,hard_neg_pair,s4,3.0,5.796829299662307,0.35132374582195613,0.005445043139153223,0.0,0.49010012328521424,0.0,0.0,0.0,0.3791130143264774,0.284,0.559
s4_hnp_dw100_pw10_seed123,hard_neg_pair,s4,4.0,5.7223701576219685,0.3239872147889236,0.005210624440400449,0.0,0.4877320488776037,0.0,0.0,0.0,0.3891956926223802,0.297,0.565
s4_hnp_dw100_pw10_seed123,hard_neg_pair,s4,5.0,5.67309935088794,0.306630083926319,0.005024887920007032,0.0,0.4863980461551164,0.0,0.0,0.0,0.38736433686426675,0.291,0.571
s4_hnp_dw100_pw10_seed123,hard_neg_pair,s4,6.0,5.626624946990914,0.28517862330586286,0.004851615463546517,0.0,0.48562847695069666,0.0,0.0,0.0,0.39574557707921953,0.303,0.569
s4_hnp_dw100_pw10_seed123,hard_neg_pair,s4,7.0,5.590764606846061,0.2708316166567224,0.004690977504260618,0.0,0.485083523253221,0.0,0.0,0.0,0.39663679490618486,0.3,0.586
s4_hnp_dw100_pw10_seed123,hard_neg_pair,s4,8.0,5.547713910273084,0.2560150956208826,0.004545613653647941,0.0,0.4837137452961047,0.0,0.0,0.0,0.40305982911789906,0.312,0.59
s4_hnp_dw100_pw10_seed123,hard_neg_pair,s4,9.0,5.506687873364322,0.2449033956852075,0.004416138267441551,0.0,0.482017064373456,0.0,0.0,0.0,0.40175616908386336,0.309,0.591
s4_hnp_dw100_pw10_seed123,hard_neg_pair,s4,10.0,5.479042528407,0.23130880934113646,0.0042818746435903075,0.0,0.48195462453096743,0.0,0.0,0.0,0.410259449303511,0.317,0.593
s4_hnp_dw100_pw10_seed123,hard_neg_pair,s4,11.0,5.459945743997134,0.22743845352034636,0.004183460255371378,0.0,0.48141612626444324,0.0,0.0,0.0,0.4184433973088754,0.323,0.601
s4_hnp_dw100_pw10_seed123,hard_neg_pair,s4,12.0,5.4288822046805505,0.21227608728295183,0.004067350059918788,0.0,0.48098711202008265,0.0,0.0,0.0,0.41597099632745116,0.323,0.595
s4_hnp_dw100_pw10_seed123,hard_neg_pair,s4,13.0,5.402112166637771,0.20479004215481375,0.003967412040476886,0.0,0.48005809238506564,0.0,0.0,0.0,0.4173630062673457,0.32,0.607
s4_hnp_dw100_pw10_seed123,hard_neg_pair,s4,14.0,5.391791051140691,0.20123694012622692,0.0039038224726030846,0.0,0.48001718686399675,0.0,0.0,0.0,0.42124524683419995,0.323,0.601
s4_hnp_dw100_pw10_seed123,hard_neg_pair,s4,15.0,5.364138722213137,0.19280660176969278,0.003792848623643405,0.0,0.47920472762407007,0.0,0.0,0.0,0.42648942315699034,0.336,0.614
s4_hnp_dw100_pw10_seed123,hard_neg_pair,s4,16.0,5.337107113783653,0.18285600895278376,0.0037030218450749613,0.0,0.47839489093686305,0.0,0.0,0.0,0.41927340317212997,0.323,0.609
s4_hnp_dw100_pw10_seed123,hard_neg_pair,s4,17.0,5.323561716327634,0.1784666553527065,0.0036348585883539614,0.0,0.47816092039311575,0.0,0.0,0.0,0.42996384283597316,0.338,0.606
s4_hnp_dw100_pw10_seed123,hard_neg_pair,s4,18.0,5.304814593217609,0.17011295132455215,0.0035499542297075535,0.0,0.47797062213127495,0.0,0.0,0.0,0.42864908938741053,0.331,0.62
s4_hnp_dw100_pw10_seed123,hard_neg_pair,s4,19.0,5.293241530605164,0.16879307925442888,0.003494876088652004,0.0,0.4774960842971372,0.0,0.0,0.0,0.4339964171901296,0.336,0.618
s4_hnp_dw100_pw10_seed123,hard_neg_pair,s4,20.0,5.27521500761009,0.16377050335966115,0.0034362032603588687,0.0,0.47678241738000404,0.0,0.0,0.0,0.4327087142942033,0.334,0.624
s4_hnp_dw100_pw10_seed123,hard_neg_pair,s4,21.0,5.259354056683942,0.15734945637282094,0.0033546264611823773,0.0,0.4766541949281246,0.0,0.0,0.0,0.43862437730878456,0.341,0.625
s4_hnp_dw100_pw10_seed123,hard_neg_pair,s4,22.0,5.242024820846742,0.1538581871580933,0.0032983332238058385,0.0,0.4758333301936733,0.0,0.0,0.0,0.43533377519882027,0.336,0.624
s4_hnp_dw100_pw10_seed123,hard_neg_pair,s4,23.0,5.234518250311681,0.15306772570572857,0.003229902244126182,0.0,0.4758460289270874,0.0,0.0,0.0,0.44227156046845084,0.348,0.624
s4_hnp_dw100_pw10_seed123,hard_neg_pair,s4,24.0,5.224893965795507,0.15134036100664833,0.0032077495204817434,0.0,0.47527786598668353,0.0,0.0,0.0,0.4480217715522466,0.353,0.628
s4_hnp_dw100_pw10_seed123,hard_neg_pair,s4,25.0,5.2126996413880455,0.14884117101698444,0.003148376543003827,0.0,0.47490207946486446,0.0,0.0,0.0,0.44436925349111617,0.347,0.623
s4_hnp_dw100_pw10_seed123,hard_neg_pair,s4,26.0,5.202237571339467,0.14505938776289362,0.0030879958809564853,0.0,0.4748378594888558,0.0,0.0,0.0,0.44483637122591196,0.351,0.625
s4_hnp_dw100_pw10_seed123,hard_neg_pair,s4,27.0,5.1949864913107415,0.14129370769269545,0.003054561017587962,0.0,0.47482366774689594,0.0,0.0,0.0,0.4560368493251904,0.364,0.637
s4_hnp_dw100_pw10_seed123,hard_neg_pair,s4,28.0,5.193070862074245,0.13985511314517704,0.003009776493205174,0.0,0.47522380958396804,0.0,0.0,0.0,0.4554059514432158,0.358,0.64
s4_hnp_dw100_pw10_seed123,hard_neg_pair,s4,29.0,5.1697015159051585,0.134430889004722,0.002971586342771865,0.0,0.4738112000596792,0.0,0.0,0.0,0.4550839677979792,0.357,0.638
s4_hnp_dw100_pw10_seed123,hard_neg_pair,s4,30.0,5.165489915751915,0.13461416028762815,0.002913642027036027,0.0,0.47395115501959156,0.0,0.0,0.0,0.4535698013181816,0.354,0.652
s4_hnp_dw100_pw10_seed456,hard_neg_pair,s4,1.0,6.027689937908893,0.42505791088633976,0.006389321162941603,0.0,0.4963699904636866,0.0,0.0,0.0,0.3637222524084432,0.265,0.553
s4_hnp_dw100_pw10_seed456,hard_neg_pair,s4,2.0,5.889607159269125,0.3837416823727419,0.005797496707093106,0.0,0.4926115783702976,0.0,0.0,0.0,0.3769389709966214,0.282,0.561
s4_hnp_dw100_pw10_seed456,hard_neg_pair,s4,3.0,5.805801924634435,0.3535092163127258,0.005449223597219255,0.0,0.49073703537987257,0.0,0.0,0.0,0.38519435384385836,0.29,0.562
s4_hnp_dw100_pw10_seed456,hard_neg_pair,s4,4.0,5.720968018371476,0.32320559107451546,0.00521391637516781,0.0,0.48763707858644284,0.0,0.0,0.0,0.3878081232712597,0.295,0.57
s4_hnp_dw100_pw10_seed456,hard_neg_pair,s4,5.0,5.667961671819307,0.29914534317920277,0.00500461046843817,0.0,0.48683552761631577,0.0,0.0,0.0,0.3880552196156944,0.297,0.564
s4_hnp_dw100_pw10_seed456,hard_neg_pair,s4,6.0,5.626395368493409,0.285133821260268,0.004838486336029588,0.0,0.485741290982096,0.0,0.0,0.0,0.4026254768074393,0.315,0.578
s4_hnp_dw100_pw10_seed456,hard_neg_pair,s4,7.0,5.580161345067016,0.2714333921490137,0.004679558899954116,0.0,0.48407720600091814,0.0,0.0,0.0,0.40030738222769,0.311,0.576
s4_hnp_dw100_pw10_seed456,hard_neg_pair,s4,8.0,5.556800308425877,0.26159781983293323,0.00455629426107921,0.0,0.4839573059896043,0.0,0.0,0.0,0.4006109311541454,0.308,0.58
s4_hnp_dw100_pw10_seed456,hard_neg_pair,s4,9.0,5.511932149916835,0.2481329863442292,0.004399006339306564,0.0,0.48238985449643856,0.0,0.0,0.0,0.4043582743307779,0.31,0.594
s4_hnp_dw100_pw10_seed456,hard_neg_pair,s4,10.0,5.484042337903531,0.23504106761109683,0.00429431853518923,0.0,0.48195694172609616,0.0,0.0,0.0,0.4115933099450633,0.32,0.596
s4_hnp_dw100_pw10_seed456,hard_neg_pair,s4,11.0,5.451562414549459,0.22348738998897774,0.004163325195276603,0.0,0.48117424973788664,0.0,0.0,0.0,0.41289258659976175,0.318,0.602
s4_hnp_dw100_pw10_seed456,hard_neg_pair,s4,12.0,5.432041609514524,0.21374625210332293,0.004084069324186011,0.0,0.4809888433955571,0.0,0.0,0.0,0.4145748759105129,0.319,0.597
s4_hnp_dw100_pw10_seed456,hard_neg_pair,s4,13.0,5.407024576097882,0.20873796332956807,0.003989092395939514,0.0,0.47993773676493756,0.0,0.0,0.0,0.41714571918897936,0.319,0.608
s4_hnp_dw100_pw10_seed456,hard_neg_pair,s4,14.0,5.381729178866646,0.19942143011960867,0.0038777552206114424,0.0,0.4794532214541576,0.0,0.0,0.0,0.4173925188038761,0.327,0.6
s4_hnp_dw100_pw10_seed456,hard_neg_pair,s4,15.0,5.355699137550499,0.1902076730398103,0.0037970962152175567,0.0,0.47857818286381726,0.0,0.0,0.0,0.41670906866740176,0.319,0.608
s4_hnp_dw100_pw10_seed456,hard_neg_pair,s4,16.0,5.348976566638649,0.19028744595431993,0.0037308344560993295,0.0,0.47856056845167483,0.0,0.0,0.0,0.42502811074413827,0.331,0.607
s4_hnp_dw100_pw10_seed456,hard_neg_pair,s4,17.0,5.318399450807886,0.17501192670993415,0.0036353488211428014,0.0,0.4779852635422447,0.0,0.0,0.0,0.4238552386938833,0.329,0.614
s4_hnp_dw100_pw10_seed456,hard_neg_pair,s4,18.0,5.3087219919241075,0.1739083523030814,0.0035703583637436455,0.0,0.477777779050675,0.0,0.0,0.0,0.42330381570601605,0.328,0.603
s4_hnp_dw100_pw10_seed456,hard_neg_pair,s4,19.0,5.294742780913514,0.16846572488959574,0.003511471481771052,0.0,0.47751299192421975,0.0,0.0,0.0,0.4314082766424526,0.336,0.608
s4_hnp_dw100_pw10_seed456,hard_neg_pair,s4,20.0,5.2700089300939075,0.16267382387762672,0.003426252891740518,0.0,0.476470981509888,0.0,0.0,0.0,0.4336225439100657,0.341,0.614
s4_hnp_dw100_pw10_seed456,hard_neg_pair,s4,21.0,5.2625975476600475,0.1604630742189789,0.003376395227726504,0.0,0.47644949481020354,0.0,0.0,0.0,0.43342274774378553,0.334,0.625
s4_hnp_dw100_pw10_seed456,hard_neg_pair,s4,22.0,5.2482414914995585,0.15913018992290134,0.0032905226769458433,0.0,0.476005902375051,0.0,0.0,0.0,0.43691954803696675,0.339,0.621
s4_hnp_dw100_pw10_seed456,hard_neg_pair,s4,23.0,5.232813969022066,0.1519669748946017,0.003233476014940175,0.0,0.47574993926689574,0.0,0.0,0.0,0.4403509852887978,0.341,0.63
s4_hnp_dw100_pw10_seed456,hard_neg_pair,s4,24.0,5.21730195959478,0.1464246109747804,0.003190202207548263,0.0,0.4751857144167353,0.0,0.0,0.0,0.4365191116055744,0.339,0.615
s4_hnp_dw100_pw10_seed456,hard_neg_pair,s4,25.0,5.21186363263188,0.14897660334534826,0.003139457232811112,0.0,0.4748941311286682,0.0,0.0,0.0,0.44035104095484495,0.347,0.628
s4_hnp_dw100_pw10_seed456,hard_neg_pair,s4,26.0,5.207025249454756,0.14431767881019897,0.003099841134706625,0.0,0.47527234532597573,0.0,0.0,0.0,0.43776744750116126,0.344,0.625
s4_hnp_dw100_pw10_seed456,hard_neg_pair,s4,27.0,5.191402246055405,0.13949307008441442,0.0030409153857537943,0.0,0.47478176309909526,0.0,0.0,0.0,0.44457116872963115,0.348,0.627
s4_hnp_dw100_pw10_seed456,hard_neg_pair,s4,28.0,5.187536429697761,0.13848652326513206,0.0030065014574231267,0.0,0.47483997710656045,0.0,0.0,0.0,0.44779762600169737,0.352,0.629
s4_hnp_dw100_pw10_seed456,hard_neg_pair,s4,29.0,5.17030031924851,0.13181624934077263,0.002946450099013294,0.0,0.47438390586570395,0.0,0.0,0.0,0.44705882772801897,0.347,0.635
s4_hnp_dw100_pw10_seed456,hard_neg_pair,s4,30.0,5.162215617128633,0.13276912369466737,0.002915956980211457,0.0,0.47378507938294107,0.0,0.0,0.0,0.45092547433913716,0.357,0.634
s4_score_dw100_seed123,score_distill,s4,1.0,1.064098071184274,0.4172117568591232,0.006468863110259769,0.0,0.0,0.0,0.0,0.0,0.3610729896778141,0.264,0.539
s4_score_dw100_seed123,score_distill,s4,2.0,0.9548765864074746,0.36685716774011196,0.005880194172211495,0.0,0.0,0.0,0.0,0.0,0.3674688569024207,0.269,0.55
s4_score_dw100_seed123,score_distill,s4,3.0,0.8801835364237609,0.32621789439557125,0.005539656386741371,0.0,0.0,0.0,0.0,0.0,0.37911750150412216,0.287,0.566
s4_score_dw100_seed123,score_distill,s4,4.0,0.8273309341129852,0.29432232140771647,0.0053300860804381366,0.0,0.0,0.0,0.0,0.0,0.3877034421093218,0.297,0.567
s4_score_dw100_seed123,score_distill,s4,5.0,0.7900634745791218,0.2745945026623521,0.005154689694827413,0.0,0.0,0.0,0.0,0.0,0.38549621561531855,0.288,0.572
s4_score_dw100_seed123,score_distill,s4,6.0,0.7491553981547959,0.2510955598999454,0.004980598375817802,0.0,0.0,0.0,0.0,0.0,0.3918750568665799,0.301,0.567
s4_score_dw100_seed123,score_distill,s4,7.0,0.718087713784527,0.23562132696939092,0.004824663856207188,0.0,0.0,0.0,0.0,0.0,0.3933639514812711,0.294,0.592
s4_score_dw100_seed123,score_distill,s4,8.0,0.6882880593503162,0.21918974998867077,0.004690983112372032,0.0,0.0,0.0,0.0,0.0,0.3914938323059704,0.297,0.586
s4_score_dw100_seed123,score_distill,s4,9.0,0.6621725013805634,0.2052514183769193,0.0045692108315698145,0.0,0.0,0.0,0.0,0.0,0.39395571880693336,0.3,0.577
s4_score_dw100_seed123,score_distill,s4,10.0,0.6337508938341455,0.19098952546250883,0.00442761369089901,0.0,0.0,0.0,0.0,0.0,0.40505721048836113,0.309,0.593
s4_score_dw100_seed123,score_distill,s4,11.0,0.6191146205884746,0.18524248298238222,0.004338721381145267,0.0,0.0,0.0,0.0,0.0,0.4062805519075522,0.308,0.595
s4_score_dw100_seed123,score_distill,s4,12.0,0.5910016750752203,0.16892522038888683,0.004220764566716485,0.0,0.0,0.0,0.0,0.0,0.40706461819783796,0.313,0.591
s4_score_dw100_seed123,score_distill,s4,13.0,0.5736883189174083,0.16119553066105735,0.00412492787964203,0.0,0.0,0.0,0.0,0.0,0.41027448784202364,0.311,0.599
s4_score_dw100_seed123,score_distill,s4,14.0,0.5625854037456743,0.15638724476925422,0.004061981599029005,0.0,0.0,0.0,0.0,0.0,0.4140457852064965,0.315,0.6
s4_score_dw100_seed123,score_distill,s4,15.0,0.5424767320449472,0.14734481698615506,0.00395131913341414,0.0,0.0,0.0,0.0,0.0,0.4195061890369973,0.33,0.602
s4_score_dw100_seed123,score_distill,s4,16.0,0.523932167262717,0.13838667836382443,0.0038554548871811587,0.0,0.0,0.0,0.0,0.0,0.41118384716198453,0.314,0.606
s4_score_dw100_seed123,score_distill,s4,17.0,0.5105953905570032,0.1323141852261392,0.003782812045141409,0.0,0.0,0.0,0.0,0.0,0.4236918652623427,0.335,0.597
s4_score_dw100_seed123,score_distill,s4,18.0,0.49547767442888363,0.12518499452020307,0.0037029267856092604,0.0,0.0,0.0,0.0,0.0,0.4222930122254802,0.328,0.603
s4_score_dw100_seed123,score_distill,s4,19.0,0.48805459925785427,0.12341055039968503,0.003646440476750506,0.0,0.0,0.0,0.0,0.0,0.42210073612662985,0.322,0.607
s4_score_dw100_seed123,score_distill,s4,20.0,0.47666022145355597,0.11828393810969395,0.003583762814909013,0.0,0.0,0.0,0.0,0.0,0.43052986355703365,0.331,0.621
s4_score_dw100_seed123,score_distill,s4,21.0,0.4627450293953332,0.11256766071029821,0.003501773654907761,0.0,0.0,0.0,0.0,0.0,0.43387047990613054,0.338,0.618
s4_score_dw100_seed123,score_distill,s4,22.0,0.4530256461332741,0.1089496387836993,0.0034407600433609257,0.0,0.0,0.0,0.0,0.0,0.4297512875507509,0.336,0.61
s4_score_dw100_seed123,score_distill,s4,23.0,0.44431579366093904,0.106780385236987,0.00337535406396671,0.0,0.0,0.0,0.0,0.0,0.4336751250671506,0.337,0.623
s4_score_dw100_seed123,score_distill,s4,24.0,0.4398022826560862,0.10498975300951578,0.0033481252771936213,0.0,0.0,0.0,0.0,0.0,0.4379570608238001,0.344,0.618
s4_score_dw100_seed123,score_distill,s4,25.0,0.43160576418532864,0.10316385402371607,0.0032844190789221993,0.0,0.0,0.0,0.0,0.0,0.4445921144418575,0.359,0.613
s4_score_dw100_seed123,score_distill,s4,26.0,0.4221128526965295,0.09950979658607491,0.003226030547739986,0.0,0.0,0.0,0.0,0.0,0.4345207410247251,0.342,0.615
s4_score_dw100_seed123,score_distill,s4,27.0,0.4127692751186146,0.09445988246767525,0.0031830938980854932,0.0,0.0,0.0,0.0,0.0,0.4459992610826812,0.35,0.624
s4_score_dw100_seed123,score_distill,s4,28.0,0.4074198434216518,0.09326541459952938,0.0031415442633482933,0.0,0.0,0.0,0.0,0.0,0.45101117471304497,0.357,0.634
s4_score_dw100_seed123,score_distill,s4,29.0,0.40107587966390046,0.09047153199243277,0.003106043451309101,0.0,0.0,0.0,0.0,0.0,0.4450602063554138,0.35,0.627
s4_score_dw100_seed123,score_distill,s4,30.0,0.3923900794734988,0.08822365664591306,0.00304166420743812,0.0,0.0,0.0,0.0,0.0,0.449816249554975,0.358,0.632
s4_score_dw100_seed456,score_distill,s4,1.0,1.0545213096476511,0.40969723308107053,0.006448240723118728,0.0,0.0,0.0,0.0,0.0,0.362991886210708,0.265,0.551
s4_score_dw100_seed456,score_distill,s4,2.0,0.9499506863605625,0.3624628520146193,0.005874878316924002,0.0,0.0,0.0,0.0,0.0,0.374836881488637,0.283,0.566
s4_score_dw100_seed456,score_distill,s4,3.0,0.8832401913208193,0.328558778613031,0.005546814072441368,0.0,0.0,0.0,0.0,0.0,0.3818225277906954,0.284,0.567
s4_score_dw100_seed456,score_distill,s4,4.0,0.827149306777445,0.29481060020431904,0.005323387017438069,0.0,0.0,0.0,0.0,0.0,0.3863508227537628,0.293,0.565
s4_score_dw100_seed456,score_distill,s4,5.0,0.7812150068051686,0.26853460613218505,0.005126803970542225,0.0,0.0,0.0,0.0,0.0,0.38486061168897107,0.295,0.556
s4_score_dw100_seed456,score_distill,s4,6.0,0.7470286294327245,0.2504929001838537,0.0049653572717962375,0.0,0.0,0.0,0.0,0.0,0.3909542159361827,0.297,0.572
s4_score_dw100_seed456,score_distill,s4,7.0,0.7164876121168946,0.23495397804566437,0.0048153363390175214,0.0,0.0,0.0,0.0,0.0,0.38960116902470293,0.294,0.577
s4_score_dw100_seed456,score_distill,s4,8.0,0.693086978984251,0.22310265137505697,0.004699843269861602,0.0,0.0,0.0,0.0,0.0,0.3927915830587338,0.3,0.574
s4_score_dw100_seed456,score_distill,s4,9.0,0.6635144080714915,0.20841596731383424,0.0045509844081415,0.0,0.0,0.0,0.0,0.0,0.3983358239456004,0.303,0.589
s4_score_dw100_seed456,score_distill,s4,10.0,0.6395869391423165,0.1951827710071511,0.00444404169654012,0.0,0.0,0.0,0.0,0.0,0.40661084592519287,0.317,0.583
s4_score_dw100_seed456,score_distill,s4,11.0,0.6117562494616782,0.18044279444078226,0.004313134555212598,0.0,0.0,0.0,0.0,0.0,0.4062535400486831,0.311,0.59
s4_score_dw100_seed456,score_distill,s4,12.0,0.5966702045766279,0.17253520666416639,0.004241349989874369,0.0,0.0,0.0,0.0,0.0,0.40884248939783246,0.313,0.585
s4_score_dw100_seed456,score_distill,s4,13.0,0.5782944027018092,0.1643798320555811,0.004139145713967741,0.0,0.0,0.0,0.0,0.0,0.4093371006764174,0.313,0.594
s4_score_dw100_seed456,score_distill,s4,14.0,0.5585759219098546,0.1554907618713544,0.004030851594800294,0.0,0.0,0.0,0.0,0.0,0.40559545640449496,0.309,0.598
s4_score_dw100_seed456,score_distill,s4,15.0,0.5406281667111031,0.1454545104136913,0.0039517365547746056,0.0,0.0,0.0,0.0,0.0,0.4099363119599997,0.314,0.603
s4_score_dw100_seed456,score_distill,s4,16.0,0.5329309413709922,0.14452432808781002,0.0038840661307173803,0.0,0.0,0.0,0.0,0.0,0.4161092918147502,0.324,0.603
s4_score_dw100_seed456,score_distill,s4,17.0,0.5090291445858557,0.13020602920362193,0.0037882311436697918,0.0,0.0,0.0,0.0,0.0,0.41937954324142923,0.326,0.606
s4_score_dw100_seed456,score_distill,s4,18.0,0.4999764950581192,0.12800140122994394,0.0037197509277741097,0.0,0.0,0.0,0.0,0.0,0.41400016492995473,0.318,0.588
s4_score_dw100_seed456,score_distill,s4,19.0,0.4888143297187997,0.12257491734582589,0.003662394109122339,0.0,0.0,0.0,0.0,0.0,0.42008474353332226,0.322,0.609
s4_score_dw100_seed456,score_distill,s4,20.0,0.47472165775464353,0.11718721268779277,0.0035753444368197248,0.0,0.0,0.0,0.0,0.0,0.42361996065466656,0.331,0.609
s4_score_dw100_seed456,score_distill,s4,21.0,0.46718471266161427,0.11429825817691598,0.0035288645324992917,0.0,0.0,0.0,0.0,0.0,0.4258398223775249,0.328,0.623
s4_score_dw100_seed456,score_distill,s4,22.0,0.45719471558334507,0.11348446796243071,0.0034371024627961617,0.0,0.0,0.0,0.0,0.0,0.4316418297385845,0.336,0.612
s4_score_dw100_seed456,score_distill,s4,23.0,0.4437023270584682,0.10612964255661031,0.003375726829862393,0.0,0.0,0.0,0.0,0.0,0.4268192008491742,0.328,0.625
s4_score_dw100_seed456,score_distill,s4,24.0,0.43532386902506676,0.10163913950311146,0.003336847268700264,0.0,0.0,0.0,0.0,0.0,0.42642529856491374,0.331,0.612
s4_score_dw100_seed456,score_distill,s4,25.0,0.43066519762242483,0.10342775711683198,0.0032723743849445257,0.0,0.0,0.0,0.0,0.0,0.43199587513229665,0.338,0.61
s4_score_dw100_seed456,score_distill,s4,26.0,0.4215214215800089,0.0980593404430812,0.0032346207923715873,0.0,0.0,0.0,0.0,0.0,0.42927104373955705,0.336,0.622
s4_score_dw100_seed456,score_distill,s4,27.0,0.412409609432237,0.09432654811369588,0.00318083058327656,0.0,0.0,0.0,0.0,0.0,0.44115724915173066,0.347,0.621
s4_score_dw100_seed456,score_distill,s4,28.0,0.40647947049636773,0.09266789777582088,0.003138115704608387,0.0,0.0,0.0,0.0,0.0,0.44277814595205506,0.352,0.619
s4_score_dw100_seed456,score_distill,s4,29.0,0.3942862634435683,0.08627797683872011,0.003080082838173368,0.0,0.0,0.0,0.0,0.0,0.44130686626000415,0.344,0.627
s4_score_dw100_seed456,score_distill,s4,30.0,0.391595444759835,0.08710697240662636,0.003044884706374445,0.0,0.0,0.0,0.0,0.0,0.440565755023102,0.352,0.629
